0.372288,16.767,-36.3147,19.646,-2.30509,0.284335,2.56142,-2.0109,0.0709729,0.348677,-2.64599,2.93511,-0.941541,-1.3205,3.05959,-8.92499,-0.964827,-12.247,7.20697,-0.444682,7.82267,3.6467,-0.172861,4.37543,1.8487e-14,-2.38542e-14,-32.0486,1.53134,-85.7142,38.2947,0.578007,-16.6748,14.4243,7.12502,9.54909,-15.3393,1.8487e-14,-2.38542e-14,-35.7405,13.5521,83.4631,37.3915,3.23108,-15.7052,21.1177,7.12502,10.4845,50.8362,-16.4458,5.62541,24.2679,32.8528,-29.0733,-10.0373,-3.87387,-29.5778,-0.992926,-14.7132,54.0848,-19.363,-2.61112,-20.5096
0.361855,16.738,-36.1963,18.4433,0.361812,1.09204,8.56629,-3.70119,-4.47577,-2.42011,-5.03157,6.77013,-6.3769,-2.16766,10.5092,-7.86369,0.507446,-15.5724,9.17718,1.97504,5.5394,3.83349,0.731191,4.32929,-8.46823e-14,-1.59028e-14,-35.9766,10.032,-82.7073,39.4635,-1.07134,-15.0563,15.7798,7.12502,11.1104,-13.906,-8.46823e-14,-1.59028e-14,-41.7351,20.2019,85.3409,38.6389,2.82923,-15.6752,22.1665,7.12502,10.5135,51.8836,-14.0094,4.38568,24.6183,32.1184,-29.1565,-11.8221,-5.23561,-29.7702,-2.96731,-14.5359,56.1378,-17.4835,-4.24147,-20.8909
0.345646,16.7175,-36.0913,18.5742,0.161914,0.74157,9.04997,-4.01188,-5.06056,-2.71214,-5.48038,7.53395,-6.75324,-2.32076,11.8518,-7.13743,0.943782,-16.5637,9.12044,2.56416,5.33361,3.63029,0.972159,4.43533,-3.4191e-14,-1.59028e-15,-36.3129,12.3876,-82.4949,40.2053,0.558466,-15.6091,14.7789,7.12502,10.5773,-14.9349,-3.4191e-14,-1.59028e-15,-43.1787,22.2863,84.9961,39.2484,3.50089,-15.318,21.2481,7.12502,10.858,50.9474,-13.4185,4.44062,24.9745,31.4912,-29.0247,-11.7372,-6.6624,-30.9037,-2.284,-14.1233,58.204,-15.5281,-5.00065,-21.2212
0.33421,16.6982,-35.9846,18.6379,0.350439,0.837326,8.80167,-3.71762,-4.41235,-2.30473,-5.03767,7.00694,-6.37111,-2.17245,10.7556,-7.06209,0.0432744,-16.4243,9.13104,1.29201,5.73708,3.75654,0.367804,4.48651,6.20208e-14,1.59028e-15,-35.7963,11.3991,-83.0015,40.806,0.0911007,-15.0966,11.7036,7.12502,11.0716,-17.9844,6.20208e-14,1.59028e-15,-42.5526,20.8208,85.0647,39.4094,4.03613,-14.8856,21.4028,7.12502,11.275,51.0797,-12.6941,4.26855,24.995,30.8219,-29.2702,-11.5981,-5.3652,-32.0897,-2.08796,-14.08,60.2527,-13.2578,-5.71581,-19.7668
0.32288,16.6816,-35.8771,18.6325,0.6701,0.679061,3.82703,-2.54934,1.05859,1.27366,-3.32149,2.92769,-0.720897,-1.66251,2.55585,-8.14075,-1.71193,-12.5129,6.04453,-1.49709,8.09182,3.27928,-0.68399,4.4347,-1.5704e-14,1.82882e-14,-31.3171,2.7261,-86.3089,41.0336,0.579309,-14.7661,10.4084,7.12502,11.3904,-19.2622,-1.5704e-14,1.82882e-14,-35.799,12.9153,83.4714,38.3246,5.17939,-14.2201,22.1926,7.12502,11.9169,51.8334,-11.9173,4.08299,25.3454,30.1905,-29.3409,-11.6963,-5.30319,-33.4063,-1.83434,-13.7382,62.4043,-11.0647,-6.46222,-16.1908
0.306655,16.6583,-35.7782,18.6779,0.723138,0.302098,3.52067,-2.08969,2.27444,2.00875,-2.70457,2.30186,0.0959228,-1.34385,1.17769,-9.02601,-2.02179,-11.6336,5.75758,-1.93184,8.42787,3.37837,-0.843125,4.36886,2.60408e-14,-1.43125e-14,-30.3574,1.61068,-87.0145,42.0557,-0.106209,-14.7361,10.9806,7.12502,11.4193,-18.6885,2.60408e-14,-1.43125e-14,-34.3975,11.255,83.2646,38.1363,5.64708,-14.1553,22.0288,7.12502,11.9794,51.666,-11.2908,4.22476,25.8317,29.5701,-29.2902,-11.743,-5.26974,-34.8693,-1.18422,-13.2937,64.6057,-9.6787,-7.08939,-12.7386
0.291435,16.6355,-35.6884,18.7337,0.708688,0.109997,5.22779,-1.86221,1.7418,1.47616,-2.33403,2.91172,-1.3582,-1.16756,2.16354,-9.49607,-2.2472,-11.8799,6.27478,-2.12223,7.87714,3.62773,-0.965285,4.2251,-2.64384e-14,3.97569e-15,-30.9233,2.55443,-86.3538,43.0685,-0.758775,-14.5568,10.9598,7.12502,11.5922,-18.6996,-2.64384e-14,3.97569e-15,-35.3275,11.2765,84.0129,38.5714,5.69556,-14.5083,21.2564,7.12502,11.6389,50.9132,-10.6773,4.63066,26.1186,28.9188,-29.0147,-11.959,-5.14924,-36.4655,-0.562024,-13.0803,66.8307,-7.60163,-7.43541,-6.08451
0.286641,16.6095,-35.5751,18.8167,1.0279,0.0319522,9.22416,-2.30778,-1.2373,-0.990514,-2.88432,5.55934,-5.87591,-1.28928,6.993,-8.5855,-1.38903,-14.0121,7.86271,-0.691746,6.12022,3.82456,-0.451101,4.11291,-1.98785e-15,7.95139e-16,-34.5208,8.20116,-84.2302,44.7087,-2.30803,-14.6896,12.1533,7.12502,11.4641,-17.5132,-1.98785e-15,7.95139e-16,-40.1599,15.1712,85.6323,39.607,5.38465,-14.5561,20.9983,7.12502,11.5928,50.6577,-10.0063,4.34388,26.3446,28.3377,-28.8135,-11.9851,-5.85959,-37.9813,-0.294861,-12.9722,69.0298,-6.51579,-7.0505,-3.67888
0.284755,16.5781,-35.4473,19.2582,0.944556,-0.205949,9.9553,-3.43627,-3.4161,-1.94385,-4.50351,7.6739,-6.77854,-1.9184,10.9572,-7.16023,0.208973,-16.4954,7.65312,1.57977,5.2437,3.29575,0.546933,4.3328,9.93923e-15,1.43125e-14,-35.9594,16.1531,-84.5171,45.4801,-8.33406,-16.5874,18.6202,7.12502,9.63346,-11.1395,9.93923e-15,1.43125e-14,-43.4073,20.7456,85.6005,40.6815,5.33242,-14.7062,21.071,7.12502,11.4481,50.7384,-9.59827,3.9683,26.4977,27.5805,-28.6433,-11.444,-6.65692,-39.7185,0.48425,-12.9354,71.188,-8.15996,-6.54346,-10.9812
0.278652,16.5454,-35.332,20.2769,-0.178278,-0.885938,9.09315,-2.37844,-2.65048,-1.83615,-3.01812,7.27283,-6.53402,-1.23375,9.77075,-7.28951,-0.595168,-15.8312,7.52115,0.443567,5.40521,3.39867,0.017781,4.22843,-4.92986e-14,7.15625e-14,-35.108,13.4873,-83.9046,47.2644,-3.46726,-15.0027,9.54994,7.12502,11.1621,-20.1332,-4.92986e-14,7.15625e-14,-42.8435,18.6208,85.9884,40.7182,5.47969,-14.8961,21.1503,7.12502,11.265,50.8279,-9.86729,4.25488,26.6652,26.7191,-28.5451,-10.1964,-7.09516,-42.046,2.38904,-12.8491,73.3708,-10.1347,-6.31737,-15.0229
0.278248,16.4998,-35.1865,19.3909,0.984369,-0.661725,4.68244,-1.92169,2.29529,1.76376,-2.41021,3.72273,-0.74331,-1.20684,2.66728,-7.36403,-1.96564,-12.7797,4.21446,-1.81769,7.65152,2.63516,-0.850259,4.3164,-3.97569e-16,-3.18055e-15,-30.2367,6.83673,-86.7658,47.6083,-2.17967,-15.3731,7.84392,7.12502,10.8049,-21.8582,-3.97569e-16,-3.18055e-15,-37.1346,12.3923,84.1929,40.186,6.35081,-14.7693,21.4075,7.12502,11.3873,51.0783,-7.61273,3.57453,27.011,25.6844,-28.9233,-10.4954,-6.26643,-42.5938,1.92349,-12.8844,75.334,-12.4992,-6.55084,-16.2058
0.28598,16.4684,-35.0682,19.9233,0.313101,-1.27649,3.28455,-1.24105,3.97917,2.71676,-1.57302,2.87352,0.926188,-0.752356,0.760096,-7.91254,-2.34403,-11.7379,3.19595,-2.35869,8.08624,2.4691,-1.06418,4.25175,8.34896e-15,-2.22639e-14,-28.4672,5.45582,-87.5709,48.6405,-2.1023,-15.5125,9.2429,7.12502,10.6704,-20.4662,8.34896e-15,-2.22639e-14,-35.6217,10.7443,83.7289,40.5028,6.71012,-14.6177,21.6533,7.12502,11.5335,51.316,-7.15973,3.5361,27.2448,24.6627,-28.584,-9.56896,-6.21223,-44.6818,3.4702,-12.852,77.2855,-13.1046,-6.03588,-15.601
0.277825,16.4416,-34.9455,20.2867,0.245783,-1.5043,4.07581,-0.760706,4.01646,2.45031,-0.871021,3.00046,0.222276,-0.413761,0.863795,-8.47975,-2.6779,-11.4321,3.47182,-2.77023,7.82438,2.67633,-1.26574,4.09518,-1.74931e-14,4.29375e-14,-28.4713,5.08959,-87.2429,50.1852,-2.64889,-15.7197,9.8466,7.12502,10.4705,-19.8727,-1.74931e-14,4.29375e-14,-36.0913,9.6836,84.1576,41.2434,6.91568,-14.4057,21.547,7.12502,11.7379,51.1981,-6.45876,3.39084,27.4538,23.5451,-28.0929,-9.46918,-8.2444,-46.6712,4.53579,-13.0155,78.9007,-12.0255,-4.8856,-13.363
0.268066,16.4186,-34.8193,20.886,0.168383,-1.58583,5.41424,0.916816,4.59916,3.4342,1.41317,2.25024,0.560367,0.751967,-0.329976,-16.3206,-5.09068,-9.04774,6.01388,-5.66182,7.21281,4.90352,-2.54157,3.20102,-1.19271e-15,-9.54166e-15,-25.4454,0.361946,-86.565,51.5,-2.25445,-16.2914,10.5356,7.12502,9.91899,-19.2107,-1.19271e-15,-9.54166e-15,-32.2541,4.81765,85.3071,41.0722,7.48433,-14.4424,21.0159,7.12502,11.7025,50.669,-6.12301,3.37903,27.4864,22.5858,-27.7437,-9.10487,-9.56968,-48.8474,5.55252,-13.4004,80.2561,-11.7836,-4.04158,-12.6628
0.264615,16.4058,-34.6789,20.9322,0.316761,-1.57783,8.5528,0.724482,2.9649,1.0689,1.3837,3.68123,-3.71102,0.665405,1.99274,-13.3699,-4.62251,-10.9013,6.87406,-4.92691,6.62595,4.66616,-2.32606,3.42088,1.03368e-14,2.94201e-14,-29.32,3.5089,-85.2135,53.7044,-2.52302,-16.9046,10.3302,7.12502,9.32735,-19.4434,1.03368e-14,2.94201e-14,-37.4893,6.70994,86.2967,42.527,7.60886,-14.3664,20.9761,7.12502,11.7758,50.6251,-5.18711,3.02443,27.5036,21.6796,-27.4385,-8.44565,-9.17584,-50.3008,6.21076,-13.8296,81.2959,-12.7184,-3.87459,-12.9961
0.258027,16.4094,-34.5246,20.8449,0.544475,-1.56751,9.38341,-0.806491,0.605483,-0.247096,-0.682389,5.78894,-5.47566,-0.270234,5.85919,-8.3389,-2.35039,-13.7347,5.34735,-2.02457,6.21761,3.15235,-1.03441,4.00818,-1.63003e-14,2.70347e-14,-31.5802,11.1398,-85.035,55.6846,-3.54697,-16.9365,10.338,7.12502,9.29661,-19.4371,-1.63003e-14,2.70347e-14,-42.8456,13.0485,86.0068,44.7729,7.65212,-14.1326,22.2055,7.12502,12.0013,51.8414,-4.26322,2.76032,27.5984,20.8208,-26.7364,-8.40937,-10.6648,-51.4785,6.78805,-14.2562,82.0324,-12.7713,-4.16435,-11.4377
0.256792,16.3734,-34.3933,21.2631,0.293399,-1.68649,10.1034,-1.87243,-1.67914,-1.07896,-2.20834,7.62349,-6.47136,-0.880398,9.50766,-6.52058,-0.697995,-15.878,4.65459,0.171228,5.50869,2.4309,-0.0135353,4.22853,-1.19271e-14,-1.59028e-15,-32.4277,17.6613,-84.9012,57.9055,-4.64454,-16.5818,10.708,7.12502,9.63882,-19.0515,-1.19271e-14,-1.59028e-15,-46.6457,18.4571,85.6829,46.8486,7.61584,-14.1946,23.1009,7.12502,11.9414,52.7404,-3.52164,2.8547,27.5548,19.8123,-26.3745,-7.8938,-11.4527,-53.4681,7.77297,-14.8251,82.7987,-12.4296,-4.53443,-10.4979
0.257006,16.3422,-34.246,21.5949,-0.0348843,-1.93023,9.30409,-0.172775,1.63526,0.176495,0.211732,5.11242,-5.06128,0.126845,4.40937,-9.18141,-2.94319,-13.0108,4.65153,-2.80295,6.57267,3.15041,-1.3628,3.95129,5.96354e-15,6.99722e-14,-30.1167,10.6714,-85.781,59.7685,-3.14508,-16.4715,10.7588,7.12502,9.74527,-18.9958,5.96354e-15,6.99722e-14,-43.5712,11.3953,85.5514,47.361,8.3786,-14.821,22.8261,7.12502,11.3374,52.4996,-2.63656,3.03189,27.6047,18.6073,-25.9247,-7.14783,-11.6336,-55.2608,8.79625,-15.3074,83.3173,-13.3005,-5.10148,-13.1003
0.258898,16.3267,-34.075,21.3906,-0.0319086,-1.77317,9.85286,-0.346467,1.28469,0.210888,-0.0260282,5.26376,-5.31885,0.0218905,4.8135,-8.69566,-2.71298,-13.3729,4.21311,-2.51029,6.59389,2.91539,-1.22115,4.03658,-3.57812e-15,4.37326e-14,-30.152,12.1551,-86.0517,62.1624,-2.90808,-16.4343,9.949,7.12502,9.78116,-19.8038,-3.57812e-15,4.37326e-14,-45.0293,12.0857,85.2779,48.9797,9.1383,-15.1074,23.0102,7.12502,11.0612,52.6988,-1.15543,2.94565,27.4339,17.3543,-25.3251,-6.91547,-12.8934,-56.185,9.19802,-16.0092,83.4888,-14.9689,-5.77904,-17.67
0.263053,16.307,-33.9021,20.9447,0.320524,-1.61585,10.8968,-0.515018,0.964762,0.170001,-0.225684,5.50125,-5.93411,-0.0571071,5.30858,-8.46422,-2.48485,-13.6047,4.12556,-2.20409,6.51875,2.82258,-1.07726,4.06868,-7.15625e-15,-4.92986e-14,-30.4581,13.4473,-86.189,65.0524,-3.18455,-17.2787,9.94972,7.12502,8.9664,-19.8397,-7.15625e-15,-4.92986e-14,-46.5387,12.5006,85.2537,50.8367,10.3876,-15.2665,24.2317,7.12502,10.9077,53.9284,0.527954,2.63465,27.4226,16.2135,-24.5971,-6.9477,-15.3362,-56.8364,9.23087,-16.5215,83.4716,-15.7006,-6.86432,-18.7145
0.263403,16.2831,-33.7407,20.8336,0.331546,-1.54498,11.4777,-0.322974,0.506796,0.24038,0.00482,5.71261,-6.20747,0.0765922,5.77681,-8.19443,-2.4842,-13.7943,3.83664,-2.2107,6.43937,2.69367,-1.08352,4.07501,-6.36111e-15,9.54166e-15,-30.3052,14.1797,-86.0352,67.6649,-3.3428,-18.3774,10.9458,7.12502,7.90613,-18.8863,-6.36111e-15,9.54166e-15,-47.3918,12.374,85.609,52.4011,11.2199,-15.7826,25.2382,7.12502,10.4099,54.9605,1.68374,2.57226,27.3513,15.4944,-23.9196,-6.92773,-18.2238,-57.8456,9.52481,-17.1092,83.2679,-15.9215,-8.18614,-17.2129
0.262644,16.2585,-33.5815,21.5064,-0.24059,-1.65511,10.3126,1.28947,2.35481,1.7489,2.14359,4.08184,-4.03128,1.04886,2.63679,-11.8967,-4.74003,-11.7713,3.52548,-5.04647,7.038,3.44512,-2.37026,3.71315,-2.78299e-14,-4.45278e-14,-26.9631,9.08286,-85.9256,69.2587,-2.6004,-19.5804,13.4154,7.12502,6.7449,-16.4571,-2.78299e-14,-4.45278e-14,-43.8409,6.88198,86.171,53.3288,12.2178,-16.1045,26.3815,7.12502,10.0993,56.1192,1.7345,2.91112,27.1163,15.1077,-23.13,-6.40733,-20.6217,-59.6182,10.2834,-17.8469,82.8711,-16.186,-9.59472,-16.9966
0.26555,16.2508,-33.4104,22.9838,-1.38017,-1.94552,11.0413,2.08639,2.52744,0.781731,3.27075,3.44754,-5.43759,1.58438,1.68036,-13.5452,-5.10189,-10.8113,4.74677,-5.523,6.84727,4.09361,-2.58148,3.42822,1.82882e-14,1.35174e-14,-27.5529,8.35162,-86.5013,71.5176,-2.76783,-19.911,15.2327,7.12502,6.42574,-14.6498,1.82882e-14,1.35174e-14,-45.1953,5.28546,85.7119,54.7948,12.7362,-15.7045,25.1093,7.12502,10.4852,54.8278,0.540034,3.74455,26.6497,15.2153,-22.4809,-5.06925,-19.427,-62.0897,11.4293,-18.8201,82.2369,-16.3779,-10.6731,-17.1597
0.270861,16.2596,-33.2023,22.7767,-1.06474,-1.4981,12.4516,0.0532823,-1.34212,-1.03049,0.382956,6.33078,-8.18861,0.41073,7.53669,-7.80569,-2.00785,-14.5731,3.65773,-1.51988,5.99154,2.5095,-0.767919,4.09538,3.97569e-15,-1.59028e-15,-31.3564,18.5347,-86.3478,74.6382,-4.76538,-18.8374,14.7008,7.12502,7.46209,-15.1476,3.97569e-15,-1.59028e-15,-52.2215,13.8736,85.4796,57.5407,12.8847,-15.7482,24.3269,7.12502,10.4431,54.0475,1.35633,3.87718,26.2757,15.396,-22.2112,-4.32423,-14.4178,-62.3377,11.0407,-19.615,81.274,-16.6184,-11.7887,-16.6794
0.272912,16.2567,-33.0021,22.79,-1.05363,-1.22612,12.5969,0.159018,-1.187,-0.801241,0.504533,5.89306,-8.02991,0.441962,6.93067,-8.18529,-2.1438,-14.1795,3.59714,-1.69924,6.22889,2.56938,-0.836257,4.09672,9.54166e-15,-3.33958e-14,-30.9247,18.8428,-86.7012,77.2888,-5.72401,-18.6915,13.8111,7.12502,7.60292,-16.0322,9.54166e-15,-3.33958e-14,-52.5699,13.0557,85.2243,59.1007,13.7359,-16.301,23.2351,7.12502,9.90976,52.9819,2.08503,4.26336,25.9634,15.3508,-21.6001,-3.66889,-11.1024,-62.8233,11.0204,-20.397,80.3044,-16.5058,-12.9245,-15.7863
0.278103,16.2475,-32.8,22.7754,-0.727704,-0.953039,13.2252,-0.447224,-2.55987,-1.29443,-0.42212,6.72533,-8.80199,0.116769,8.90378,-6.67463,-1.28859,-15.2171,3.27247,-0.675303,6.0582,2.12696,-0.356889,4.25687,-2.62396e-14,1.11319e-14,-32.0149,22.5844,-86.8596,79.8511,-6.73426,-18.7333,13.4317,7.12502,7.56257,-16.4131,-2.62396e-14,1.11319e-14,-55.0971,15.4353,84.9821,61.0477,14.387,-16.3148,22.4648,7.12502,9.89645,52.2122,3.06763,4.24025,25.8033,14.934,-20.6071,-3.24744,-10.999,-63.2517,10.7118,-21.0387,79.3662,-16.1835,-14.2436,-14.9479
0.293724,16.2352,-32.5788,22.2269,-0.327678,-0.626566,12.7661,1.78685,3.06354,1.42662,2.92023,2.23758,-5.61965,1.38197,0.119306,-14.2381,-5.47057,-10.1491,4.19097,-6.13201,7.83174,4.10278,-2.79981,3.56907,7.95139e-15,-1.19271e-14,-26.9848,11.0384,-87.7655,81.3779,-5.39624,-18.2465,13.2147,7.12502,8.03246,-16.6126,7.95139e-15,-1.19271e-14,-47.7652,3.47989,84.4727,61.3701,15.9301,-16.5178,22.1971,7.12502,9.7006,51.9537,4.58025,4.17043,25.6608,14.7497,-19.5455,-3.28979,-12.1738,-62.8602,10.2909,-21.6078,78.5075,-15.8018,-15.2929,-14.1293
0.306556,16.2254,-32.3494,21.8999,-0.387361,-0.436599,12.6157,1.96418,3.34897,2.13255,3.12978,1.8066,-4.74736,1.49394,-0.506562,-14.7004,-5.75389,-9.55598,3.55177,-6.55816,7.93488,4.00266,-2.98418,3.46401,3.89618e-14,-7.95139e-16,-26.1063,11.1687,-87.7802,82.675,-4.73071,-19.6392,18.3239,7.12502,6.68812,-11.5505,3.89618e-14,-7.95139e-16,-47.2115,2.57222,84.3112,62.7632,16.5858,-17.9537,23.7659,7.12502,8.31504,53.5822,5.75091,4.5941,25.4521,14.6556,-18.1775,-3.18848,-10.0606,-62.5006,10.2737,-22.2116,77.7665,-15.3815,-15.7926,-13.9444
0.308183,16.2217,-32.1179,22.1622,-0.301884,-0.371709,12.452,2.05327,3.31778,2.11664,3.22856,1.66287,-4.66399,1.54367,-0.648536,-14.4162,-5.85992,-9.30662,3.12593,-6.7579,8.00515,3.83966,-3.08216,3.43712,-4.77083e-15,1.51076e-14,-26.2106,11.6891,-87.7146,83.8793,-4.71928,-17.0426,18.9843,7.12502,9.1942,-10.7953,-4.77083e-15,1.51076e-14,-47.6361,2.06113,84.2573,64.2185,17.0394,-19.2427,25.5765,7.12502,7.07091,55.4384,6.0363,5.05707,25.4307,14.8454,-16.6916,-2.80919,-22.1031,-62.7132,10.2464,-22.7163,77.1572,-14.5891,-16.1351,-13.1786
0.310683,16.2166,-31.8779,22.2699,-0.0055548,-0.412943,12.8235,1.90904,3.20143,1.73937,3.06325,1.80135,-5.28617,1.45176,-0.435422,-13.8789,-5.77774,-9.59252,3.09586,-6.66075,8.21937,3.7559,-3.03937,3.56877,-1.35174e-14,0,-27.1549,13.6897,-87.8906,86.7055,-5.60643,-18.7689,17.3261,7.12502,7.52826,-12.5199,-1.35174e-14,0,-48.7291,2.40188,84.0602,65.3631,16.4435,-17.1897,23.6133,7.12502,9.05226,53.399,6.14944,5.16754,25.6259,15.6848,-15.1975,-2.50263,-27.9847,-62.6319,10.142,-22.9936,76.7245,-13.6398,-16.2603,-11.766
0.31388,16.2142,-31.6331,22.2132,0.0572574,-0.500122,12.8595,1.88602,3.19489,1.84957,3.02723,1.76999,-5.18931,1.43632,-0.457625,-13.9376,-5.7462,-9.48179,2.95092,-6.63691,8.36387,3.72141,-3.0179,3.59842,-1.23246e-14,-9.54166e-15,-27.1839,14.8544,-87.8271,87.7099,-5.64899,-18.4861,19.0296,7.12502,7.8012,-10.8065,-1.23246e-14,-9.54166e-15,-48.8385,2.45462,83.888,66.1518,16.2836,-17.1525,22.8519,7.12502,9.08817,52.6361,6.12532,5.13977,25.683,17.1029,-13.673,-1.697,-26.9704,-62.1419,10.3151,-23.2684,76.4353,-12.7564,-15.9753,-11.0539
0.317194,16.2141,-31.3878,22.1849,0.18693,-0.696432,12.1713,1.93503,3.48063,2.41739,3.06763,1.63792,-4.18848,1.47376,-0.722086,-14.0243,-5.78778,-9.1274,2.4798,-6.73792,8.55092,3.59698,-3.054,3.59373,1.39149e-14,-2.62396e-14,-26.6142,15.4327,-87.6709,88.5895,-5.37538,-18.3939,20.0174,7.12502,7.89012,-9.81533,1.39149e-14,-2.62396e-14,-48.1233,2.20074,83.7883,67.2228,16.2033,-18.3256,25.4697,7.12502,7.95608,55.3,5.85005,5.14313,25.8239,18.8194,-11.8005,-0.638942,-17.2214,-61.4777,10.4112,-23.3182,76.219,-11.4413,-15.4417,-9.36349
0.31532,16.2075,-31.1398,22.1581,0.499677,-0.903628,13.2438,1.75752,3.3868,1.6517,2.909,1.73967,-5.60324,1.36513,-0.595175,-13.5639,-5.70043,-9.17804,3.22069,-6.70517,8.75371,3.75799,-3.03611,3.67036,-1.98785e-15,-8.74653e-15,-28.2811,16.449,-88.1509,89.4702,-5.03797,-18.6541,20.8916,7.12502,7.63907,-8.9504,-1.98785e-15,-8.74653e-15,-49.6094,2.18471,83.6958,68.3525,16.6743,-19.4575,25.2456,7.12502,6.86352,55.1143,5.25909,5.18647,26.0395,21.001,-9.2191,0.684101,-15.2956,-60.6514,10.3034,-23.211,76.0275,-10.2448,-14.9696,-8.45079
0.303755,16.1871,-30.8871,21.9514,0.676333,-1.10841,13.8607,1.6974,3.19654,1.42866,2.84269,1.78595,-6.19591,1.32486,-0.454024,-13.607,-5.71698,-9.09094,3.64919,-6.78549,9.03579,3.91209,-3.05704,3.73309,3.18055e-15,7.95139e-15,-29.2416,16.9706,-88.4899,90.1055,-4.73585,-18.3442,20.7138,7.12502,7.93815,-9.11713,3.18055e-15,7.95139e-15,-50.0347,1.96028,83.6799,69.0515,17.6389,-20.4294,22.8269,7.12502,5.92524,52.7241,4.52152,5.65147,26.2698,23.7249,-5.67198,2.03363,-11.0419,-59.4156,10.3671,-23.0142,75.8925,-10.0706,-15.0347,-9.58532
0.295148,16.1519,-30.6259,21.5145,1.07475,-1.08739,14.2263,1.54062,2.86777,1.55369,2.60354,1.87949,-6.29137,1.21692,-0.135461,-13.874,-5.60159,-8.90052,3.94032,-6.66501,9.10909,4.02979,-2.98207,3.72944,-2.3059e-14,-1.11319e-14,-29.8851,17.3659,-88.5708,90.5816,-4.5635,-17.6021,20.329,7.12502,8.65429,-9.47365,-2.3059e-14,-1.11319e-14,-49.8274,1.81271,83.8547,69.7547,18.4783,-20.9855,22.9651,7.12502,5.38834,52.8766,3.95904,6.03082,26.4139,26.6277,-1.38926,3.54287,-7.40609,-57.6209,10.0993,-22.822,75.8582,-11.3055,-15.4015,-10.4784
0.287865,16.114,-30.381,21.2465,1.24105,-1.33635,14.6692,1.41867,2.51249,1.40826,2.42723,2.10919,-6.72115,1.13696,0.327531,-13.5079,-5.34201,-8.82091,4.16307,-6.37205,9.11108,4.0109,-2.84354,3.74894,-1.39149e-14,-3.97569e-15,-30.8256,17.9359,-88.6921,90.7276,-4.59545,-17.7657,20.3766,7.12502,8.49648,-9.43247,-1.39149e-14,-3.97569e-15,-49.9713,1.85093,84.086,70.6836,19.5838,-20.9643,24.0415,7.12502,5.40884,53.9524,2.56312,6.45906,26.6029,30.4577,2.71459,6.09003,-3.29352,-55.8456,9.88358,-22.2883,75.6822,-13.0351,-14.936,-11.314
0.270735,16.006,-30.174,21.2477,1.64699,-1.22811,14.2774,1.24487,1.90105,1.49744,2.09684,2.28268,-6.44036,0.999545,0.931081,-13.1579,-5.11436,-9.07451,4.19654,-6.08754,9.51645,3.96266,-2.69559,3.94763,-7.95139e-16,-3.18055e-15,-31.4148,18.1538,-88.6125,90.6491,-4.72552,-17.6965,20.5698,7.12502,8.5632,-9.2366,-7.95139e-16,-3.18055e-15,-49.6813,1.59359,84.5309,71.8125,21.0468,-21.5685,24.1549,7.12502,4.82541,54.08,1.59343,6.57331,26.6013,34.5136,4.01118,9.04686,-0.732084,-54.7122,9.21279,-22.0025,75.6817,-14.6473,-13.4286,-13.771
0.260133,16.075,-29.8574,21.2022,1.7486,-0.979999,12.5648,1.17219,1.45928,2.66523,1.83763,2.11499,-4.26826,0.895727,1.09351,-13.5331,-5.34989,-9.01596,2.9886,-6.35823,10.1057,3.70304,-2.79998,4.09896,7.55382e-15,-7.95139e-15,-30.4882,17.7183,-88.2626,90.4726,-4.79106,-17.4262,20.2357,7.12502,8.82407,-9.55977,7.55382e-15,-7.95139e-15,-47.2875,1.20637,84.5483,72.3236,20.9138,-21.1873,23.8799,7.12502,5.19352,53.7963,-1.97646,6.31484,26.2096,39.2067,9.06491,11.8754,1.82412,-52.0105,8.66657,-21.8642,74.4178,-16.7102,-12.4433,-14.4995
0.26653,16.0296,-29.5921,20.7615,1.44539,-0.519726,13.1245,0.995031,1.16021,2.7473,1.54416,1.491,-4.47637,0.750925,0.647862,-13.59,-5.27315,-8.57738,2.78917,-6.349,10.581,3.65788,-2.76774,4.17757,-8.34896e-15,-2.22639e-14,-31.4208,17.1733,-89.2076,90.1284,-4.42323,-17.626,19.5241,7.12502,8.63123,-10.2794,-8.34896e-15,-2.22639e-14,-46.5642,0.741344,83.7624,72.6804,20.0951,-19.4922,23.2518,7.12502,6.83001,53.1216,-3.5784,6.38984,25.2579,44.0357,10.6622,14.1137,7.30687,-49.5813,8.2154,-22.1386,73.596,-18.7199,-12.1914,-15.1355
0.265197,15.9835,-29.3371,20.3494,1.24982,-0.0288791,13.6521,0.85683,0.497291,2.9188,1.2603,1.18725,-4.59102,0.617551,0.745401,-13.778,-5.23729,-8.62867,2.76731,-6.30947,10.9934,3.69661,-2.72447,4.31568,-4.37326e-15,-1.70955e-14,-32.0289,16.7264,-89.5836,89.5416,-3.83142,-17.74,18.9406,7.12502,8.52123,-10.8675,-4.37326e-15,-1.70955e-14,-45.7331,0.104411,83.7763,73.533,20.756,-18.7086,19.711,7.12502,7.58638,49.5549,-5.49324,6.34916,24.3968,49.2074,10.5383,14.9728,8.83018,-47.3297,7.73904,-22.4061,72.7352,-20.4723,-11.601,-18.1087
0.249564,15.9353,-29.0968,20.1352,1.31473,0.528554,14.2302,0.671188,-0.512672,2.94642,0.871384,1.12723,-4.88734,0.439539,1.31667,-14.0739,-5.15237,-8.8967,2.80058,-6.15107,11.2628,3.75743,-2.62775,4.45365,7.95139e-16,2.78299e-15,-32.9701,16.2996,-89.7631,88.9569,-3.37222,-18.0052,18.8558,7.12502,8.26531,-10.9625,7.95139e-16,2.78299e-15,-44.7845,-0.355671,84.0869,74.4114,21.5937,-21.6697,16.9678,7.12502,4.72772,46.895,-8.13596,5.82952,23.7045,54.473,9.78055,14.4134,6.386,-45.5499,7.17691,-22.6468,72.1796,-21.8434,-10.5613,-20.3186
0.220256,15.851,-28.8731,20.1672,1.55694,1.21457,14.5044,0.474564,-1.534,2.94475,0.45112,0.962233,-5.03276,0.248108,1.79756,-14.4205,-5.0703,-8.9128,2.65634,-6.01495,11.4344,3.76286,-2.544,4.51841,3.37934e-15,1.59028e-15,-34.1304,15.4679,-90.0005,88.3123,-2.82975,-18.3045,19.1408,7.12502,7.97648,-10.6887,3.37934e-15,1.59028e-15,-43.3771,-0.956409,84.129,74.9169,21.4731,-21.3007,19.1528,7.12502,5.08403,49.0718,-10.4858,5.12253,22.9006,59.6165,5.31039,13.9686,2.43012,-44.3784,6.50572,-22.9683,71.8844,-22.718,-10.3682,-21.1746
0.213154,15.8215,-28.6231,20.3108,2.34782,2.16849,14.7141,0.0535317,-2.12659,2.97284,-0.209081,0.685163,-5.08687,-0.066888,1.96492,-14.8063,-5.05647,-8.87695,2.52104,-5.97645,11.5863,3.78465,-2.50735,4.55948,-8.15017e-15,2.78299e-15,-35.1245,14.383,-90.1704,87.3052,-2.14775,-17.4831,19.747,7.12502,8.76916,-10.0508,-8.15017e-15,2.78299e-15,-41.7082,-1.7038,84.0931,75.6452,21.038,-19.8858,22.5047,7.12502,6.4501,52.3865,-13.5558,3.59321,21.7341,64.8422,2.72304,13.0445,-0.583393,-43.1321,5.20612,-23.5278,71.3249,-23.4479,-10.2561,-22.1885
0.201432,15.7814,-28.3701,20.3969,3.18374,3.16023,14.9376,-0.33379,-2.90211,3.013,-0.850475,0.500154,-5.12444,-0.3694,2.33195,-14.9331,-5.02877,-8.83526,2.21444,-5.91908,11.6533,3.70766,-2.47601,4.57851,-1.25234e-14,9.34288e-15,-36.2794,13.1256,-90.1725,86.1382,-1.55976,-18.7469,19.4578,7.12502,7.54948,-10.3875,-1.25234e-14,9.34288e-15,-40.2397,-2.51575,84.2301,76.7018,21.5172,-20,22.5297,7.12502,6.33982,52.4148,-16.6631,1.81285,20.6715,69.5113,1.54904,11.5223,-3.86684,-41.8402,4.00115,-24.0971,70.7838,-24.0218,-9.8423,-23.0012
0.183518,15.7443,-28.121,20.2511,4.1125,4.08935,15.5022,-0.743854,-3.61068,3.11068,-1.52301,0.360147,-5.27077,-0.685296,2.72431,-14.8978,-5.01228,-8.93721,1.69578,-5.85543,11.8589,3.55026,-2.44502,4.66819,5.26779e-15,-4.96962e-15,-37.527,11.7011,-89.96,84.934,-0.868984,-19.8353,20.0723,7.12502,6.49879,-9.80803,5.26779e-15,-4.96962e-15,-38.5753,-3.43953,84.4523,77.5104,22.7647,-21.3927,20.9275,7.12502,4.99517,50.8486,-19.4042,0.00622432,19.7093,74.0458,0.376889,10.2552,-6.31838,-40.1868,2.8626,-24.4782,70.1483,-24.3804,-9.69938,-23.1605
0.162738,15.7168,-27.8688,20.3036,4.62905,4.70451,15.8614,-1.06173,-4.22803,3.25647,-2.05618,0.236664,-5.25344,-0.938593,3.05414,-15.2446,-5.03268,-8.89756,1.26373,-5.83921,11.9708,3.47637,-2.42761,4.69602,-5.56597e-15,-3.37934e-15,-38.4679,10.4315,-89.6899,83.4399,-0.271374,-20.8238,21.0833,7.12502,5.54449,-8.82419,-5.56597e-15,-3.37934e-15,-36.4877,-4.15856,84.4571,78.4574,23.8219,-22.4727,20.4825,7.12502,3.95235,50.4255,-22.654,-1.35602,18.8857,78.3599,-0.42217,9.68967,-6.70332,-38.7244,2.24919,-24.6944,69.4469,-24.7411,-9.97942,-23.215
0.146081,15.6837,-27.617,20.5256,4.68286,5.06085,16.0988,-1.16974,-4.77333,3.34118,-2.30227,0.119365,-5.25367,-1.05217,3.29253,-15.7691,-5.10031,-8.84294,0.959107,-5.88924,12.1202,3.47673,-2.43361,4.72486,1.88845e-15,-6.75868e-15,-39.6117,9.09942,-89.337,82.2055,-0.21437,-21.9676,21.5962,7.12502,4.44004,-8.33722,1.88845e-15,-6.75868e-15,-34.4499,-4.8714,84.4696,79.9613,24.3337,-23.2793,21.5366,7.12502,3.17333,51.4927,-26.3882,-2.21522,18.1598,82.4476,-0.526622,9.14385,-3.47675,-37.4941,2.15242,-24.8313,68.6619,-25.0628,-10.41,-22.5993
0.138124,15.6511,-27.3626,20.6673,4.73935,5.27366,16.4477,-1.18689,-4.95888,3.4426,-2.38167,-0.0736224,-5.32769,-1.08761,3.21861,-16.5662,-5.25392,-8.70536,0.830834,-6.0795,12.4519,3.59336,-2.48761,4.78086,2.97183e-14,1.23743e-14,-40.9735,7.36996,-88.9441,81.7441,-1.31769,-22.3829,21.4915,7.12502,4.03907,-8.44993,2.97183e-14,1.23743e-14,-32.4129,-5.82358,84.4964,81.7264,24.4863,-24.3392,22.5064,7.12502,2.14978,52.4753,-29.9658,-3.08568,17.5822,86.1501,-1.08623,8.49911,-6.9639,-36.0791,2.12416,-24.843,67.7005,-25.4,-10.6216,-22.223
0.135609,15.6473,-27.0834,20.7924,4.66788,5.39787,16.7906,-1.18217,-5.06084,3.46671,-2.42225,-0.25803,-5.48757,-1.10145,3.1005,-17.345,-5.42265,-8.55654,0.890992,-6.30762,12.7019,3.76403,-2.56,4.80454,-4.77083e-15,-3.2551e-15,-42.7695,5.80017,-88.5222,81.9347,-3.06383,-22.7597,21.6456,7.12502,3.67518,-8.30244,-4.77083e-15,-3.2551e-15,-30.5386,-6.52096,84.5374,83.9605,24.8983,-24.9027,23.4077,7.12502,1.60558,53.3814,-33.5436,-3.76831,17.0951,89.3221,-2.02549,7.89857,-14.9734,-34.3196,2.23597,-24.8291,66.3954,-25.9487,-10.5067,-23.1545
0.136844,15.6515,-26.7953,20.943,4.6046,5.3828,17.1785,-1.23775,-5.11733,3.38978,-2.52804,-0.235419,-5.76646,-1.14131,3.19503,-18.1976,-5.56998,-8.72935,1.13514,-6.44743,12.8909,3.99909,-2.58658,4.8688,3.03395e-14,-8.41108e-15,-44.9752,4.67966,-87.9053,82.6233,-5.00463,-23.49,22.1259,7.12502,2.96992,-7.83322,3.03395e-14,-8.41108e-15,-29.0571,-6.7747,84.781,86.6914,25.3875,-25.3464,23.9615,7.12502,1.17698,53.938,-37.2607,-4.3685,16.8106,92.0799,-2.53004,7.23785,-14.9713,-32.4804,2.4031,-24.6695,64.8784,-26.4294,-10.7028,-23.1867
0.137245,15.6511,-26.5018,21.0723,4.6641,5.52262,17.376,-1.35698,-5.2891,3.39804,-2.72281,-0.206029,-5.83654,-1.23022,3.37214,-18.6824,-5.65639,-8.92477,1.0484,-6.49681,13.1148,4.06954,-2.58569,4.96266,5.00782e-14,4.89507e-15,-47.2384,3.83387,-87.2713,83.7136,-7.45714,-24.4407,22.2002,7.12502,2.05173,-7.7697,5.00782e-14,4.89507e-15,-27.7251,-6.99422,85.0825,89.7749,26.1688,-23.3087,20.293,7.12502,3.14498,50.2496,-40.7822,-5.1868,16.4505,94.4723,-3.07088,6.55512,-8.25344,-30.5169,2.39188,-24.6152,63.1941,-26.7488,-10.7592,-23.4815
0.136826,15.6489,-26.1889,21.3232,4.64104,5.60242,17.1277,-1.46486,-5.39217,3.4561,-2.86455,-0.20338,-5.62133,-1.30592,3.45032,-18.8165,-5.67181,-8.86861,0.554032,-6.48317,13.2039,3.94039,-2.57979,4.98379,-4.66274e-14,-1.37907e-14,-49.5797,3.12348,-86.6632,85.2102,-9.82991,-24.8131,22.232,7.12502,1.6921,-7.74108,-4.66274e-14,-1.37907e-14,-26.4533,-7.24545,85.371,93.5052,27.0919,-21.1005,18.3632,7.12502,5.27727,48.2775,-44.7092,-6.13731,16.3001,96.6506,-3.77999,5.99369,-6.86495,-28.5396,2.45503,-24.5623,61.4107,-27.1584,-10.4547,-24.3896
0.137203,15.6433,-25.8714,21.6373,4.4341,5.80317,16.9426,-1.51024,-5.78158,3.3759,-2.97857,-0.1152,-5.57023,-1.35572,3.78138,-18.8975,-5.58306,-8.83359,0.0690676,-6.30833,13.02,3.77491,-2.51014,4.93897,-1.35174e-14,1.45734e-14,-52.1361,2.72509,-85.8735,87.0342,-11.662,-24.659,22.6172,7.12502,1.84088,-7.35463,-1.35174e-14,1.45734e-14,-25.442,-7.3763,85.8958,97.4932,28.1199,-22.509,20.0825,7.12502,3.91722,50.0262,-48.7229,-6.90486,16.0527,98.4647,-4.79539,5.53104,-9.03777,-26.5637,2.52606,-24.7147,59.6279,-27.4807,-10.2334,-24.7712
0.135841,15.6265,-25.564,21.9405,4.61137,5.91172,16.9928,-1.727,-5.91084,3.14178,-3.28389,0.0905405,-5.79629,-1.48785,4.1458,-18.7604,-5.42855,-8.92662,-0.329209,-6.04239,12.8464,3.59784,-2.4004,4.92943,3.71914e-14,-8.79622e-15,-54.899,2.65929,-85.0247,88.9309,-12.7589,-24.4809,23.5329,7.12502,2.01293,-6.43733,3.71914e-14,-8.79622e-15,-24.6565,-7.43721,86.4667,101.452,29.31,-23.3847,20.4704,7.12502,3.07156,50.428,-51.8759,-7.70238,15.9917,99.4487,-6.26709,5.17924,-8.1659,-24.6992,2.30836,-24.6271,57.8367,-27.4346,-10.0766,-25.1821
0.12767,15.6083,-25.2764,22.717,5.51151,6.4321,16.9356,-2.26643,-5.94039,2.71069,-3.99545,0.279295,-6.13326,-1.80898,4.5209,-18.6584,-5.24223,-8.97574,-0.52346,-5.76036,12.6708,3.48574,-2.27666,4.91185,-1.46293e-14,-1.25856e-14,-57.6042,2.5463,-84.0593,90.6221,-12.9175,-23.9071,25.2359,7.12502,2.56711,-4.72845,-1.46293e-14,-1.25856e-14,-24.0284,-7.51854,86.9965,105.515,30.3603,-23.5599,19.5086,7.12502,2.90234,49.4686,-55.6293,-9.3987,15.8635,100.104,-7.11877,5.26917,-6.44694,-23.5619,1.15938,-24.7047,56.0128,-26.7364,-9.93961,-25.9389
0.140025,15.6317,-24.9365,22.8318,6.05122,6.1361,16.9505,-2.72678,-5.30898,2.60954,-4.46543,0.617456,-6.21639,-2.04234,4.62731,-18.9408,-5.0168,-9.03133,-0.425588,-5.41769,12.4355,3.51159,-2.10778,4.87772,-5.43179e-14,1.48654e-14,-59.9864,2.82664,-83.1238,92.2935,-12.3926,-23.3372,26.4447,7.12502,3.11745,-3.51221,-5.43179e-14,1.48654e-14,-23.3878,-7.48178,87.4575,109.404,30.1226,-23.2557,17.8605,7.12502,3.19618,47.8163,-58.5066,-10.2403,16.5186,100.01,-7.61504,4.97153,-6.71194,-21.3684,0.569888,-24.1004,53.8422,-26.0411,-9.81312,-26.8763
0.14381,15.6642,-24.565,23.0413,5.63423,6.24022,16.6063,-2.89918,-5.6894,2.53287,-4.72906,0.831715,-6.03103,-2.16861,5.10078,-19.3519,-4.77536,-9.19722,-0.322163,-5.01849,12.2013,3.55538,-1.90765,4.86721,-1.45486e-14,1.22253e-14,-62.2454,3.42799,-82.2504,94.1178,-11.5759,-23.1867,26.6132,7.12502,3.26277,-3.34162,-1.45486e-14,1.22253e-14,-22.7808,-7.47997,87.9309,113.11,29.3671,-23.1894,17.0723,7.12502,3.2602,47.0271,-61.5091,-10.2231,16.503,99.5146,-8.04063,4.44159,-7.62532,-19.0611,0.572227,-24.2408,51.3012,-24.8548,-9.8615,-27.5681
0.153522,15.717,-24.1814,23.082,5.32862,6.14582,16.5176,-3.03915,-5.60182,2.45434,-4.88659,0.966932,-6.04273,-2.24458,5.22372,-19.699,-4.49616,-9.15957,-0.324406,-4.60672,11.9164,3.54991,-1.70724,4.80913,-3.01407e-14,1.15295e-14,-64.5623,3.59979,-81.4473,95.7392,-10.7252,-23.0522,27.3358,7.12502,3.39266,-2.61697,-3.01407e-14,1.15295e-14,-21.9964,-7.90653,88.0335,116.795,29.9059,-22.2417,16.6408,7.12502,4.17535,46.5796,-63.9773,-10.0019,16.6372,98.4121,-8.36354,4.02521,-8.16376,-16.3089,0.510352,-24.1208,48.3902,-23.338,-9.99268,-29.2739
0.162529,15.7686,-23.7788,23.0066,5.10451,6.05104,16.4088,-3.13902,-5.36232,2.432,-4.96839,1.00932,-6.0142,-2.29042,5.14256,-19.9674,-4.27107,-9.0423,-0.250637,-4.30371,11.7125,3.57022,-1.55801,4.75348,-2.71465e-15,1.12686e-14,-66.85,3.51305,-80.6791,97.1773,-10.1809,-22.9228,28.1229,7.12502,3.51769,-1.82784,-2.71465e-15,1.12686e-14,-21.3926,-8.89305,87.9292,120.298,30.3261,-22.2122,16.6737,7.12502,4.20387,46.612,-65.8217,-9.70921,16.7314,96.9184,-8.89524,3.63842,-8.29051,-13.1616,0.23441,-23.9018,45.304,-21.4782,-10.3033,-30.48
0.167476,15.8212,-23.36,22.9207,4.77721,5.81307,16.2097,-3.20642,-5.08591,2.38356,-4.99693,1.08038,-5.9718,-2.3114,5.05509,-20.129,-4.08848,-8.99954,-0.0952209,-4.06179,11.6099,3.61207,-1.43662,4.73688,1.74682e-14,-3.93842e-15,-68.9353,3.59738,-80.0085,98.2765,-10.2713,-22.7757,28.3326,7.12502,3.65968,-1.61575,1.74682e-14,-3.93842e-15,-21.2373,-10.0212,87.7996,123.585,29.979,-22.7725,15.8062,7.12502,3.66283,45.7544,-67.2453,-9.14393,16.8826,95.0331,-9.74186,3.30557,-9.10629,-10.2881,-0.0743656,-23.6165,42.2622,-18.8217,-10.8678,-30.8215
0.176676,15.8885,-22.9443,22.9795,4.28039,5.47508,16.1151,-3.2062,-4.85406,2.21162,-4.94247,1.32237,-6.1089,-2.28002,5.17463,-20.5527,-3.91775,-9.17585,0.271192,-3.76705,11.3621,3.7503,-1.28807,4.7149,-3.17062e-14,-3.29237e-15,-70.5571,3.87888,-79.2188,98.7341,-10.7082,-22.7819,28.1221,7.12502,3.65372,-1.82631,-3.17062e-14,-3.29237e-15,-21.32,-11.0902,87.9546,126.496,28.9343,-21.6949,12.6853,7.12502,4.70341,42.6131,-68.6016,-8.39385,17.0904,92.7397,-10.4551,2.97418,-10.0344,-7.96675,-0.467096,-23.386,39.3641,-14.7857,-11.8709,-30.1496
0.184682,15.9591,-22.5252,23.0625,3.6958,5.38245,16.5062,-4.27639,-6.56537,0.648886,-6.60806,2.9923,-7.41484,-2.92158,8.40682,-16.017,-2.12001,-12.3754,-0.551228,-1.04537,11.437,2.54623,-0.0762488,5.48661,4.98453e-14,-1.81888e-14,-73.3548,9.94188,-78.1019,99.2729,-11.545,-22.909,26.3176,7.12502,3.53097,-3.63295,4.98453e-14,-1.81888e-14,-25.153,-7.52638,89.6449,129.645,26.448,-20.7003,10.1631,7.12502,5.66375,40.0675,-69.7208,-7.74474,17.0682,90.2327,-11.0283,2.46517,-11.3857,-5.78667,-1.03645,-23.4626,36.6078,-9.62448,-12.7935,-30.1809
0.195781,16.0293,-22.0938,23.0568,3.16866,5.4505,15.7505,-3.21399,-4.75817,1.85146,-4.92446,1.45886,-6.29409,-2.25984,5.25309,-20.0836,-3.53573,-9.7129,0.31987,-3.15122,11.1426,3.63208,-1.0112,4.79257,1.46604e-14,-1.09332e-14,-73.1909,4.18477,-78.236,99.422,-11.5718,-23.0479,24.7492,7.12502,3.39679,-5.20345,1.46604e-14,-1.09332e-14,-22.5121,-13.6744,88.168,131.135,25.0141,-20.2462,9.13056,7.12502,6.10213,39.0227,-70.4046,-7.27074,16.8517,87.5589,-11.5011,2.24215,-12.0612,-3.60685,-2.10567,-23.7861,34.0128,-3.57022,-13.4472,-29.3446
0.215685,16.1053,-21.6596,23.0646,1.94882,5.07693,15.3053,-2.93041,-4.49202,2.04337,-4.49018,1.38509,-5.92272,-2.07493,4.89851,-20.655,-3.47908,-9.70104,0.284198,-3.01814,11.0091,3.6871,-0.936867,4.76107,6.95746e-16,2.03754e-14,-73.3118,3.84961,-78.0784,99.2615,-12.6883,-23.2996,25.9794,7.12502,3.15376,-3.977,6.95746e-16,2.03754e-14,-22.7936,-15.0923,88.0935,132.561,23.106,-19.4439,7.33866,7.12502,6.87662,37.207,-70.9035,-6.08079,16.8091,84.6676,-11.7174,2.41103,-11.9586,-1.66601,-3.01198,-24.1648,31.4114,3.90854,-13.5406,-26.249
0.227744,16.1706,-21.2431,23.5644,-1.0441,3.96764,14.5001,-1.94526,-4.66326,1.94984,-3.19892,1.32436,-5.7174,-1.45042,4.64785,-21.0953,-3.37959,-9.68159,0.545657,-2.85359,10.7939,3.80816,-0.853528,4.70589,-3.44891e-14,8.64713e-15,-73.2075,3.56886,-77.9604,98.7288,-14.1555,-23.0851,27.3857,7.12502,3.36093,-2.56754,-3.44891e-14,8.64713e-15,-23.6666,-16.417,88.0891,133.166,21.7085,-18.2458,5.52448,7.12502,8.03315,35.3518,-72.0553,-3.18156,17.0082,81.7203,-11.2288,2.67429,-12.1291,-0.51895,-3.20502,-24.7606,28.7342,13.9421,-12.0931,-18.2206
0.237783,16.2276,-20.8053,23.5511,-1.90528,3.88772,14.4081,-1.77344,-4.71619,1.81986,-2.97898,1.35644,-5.82525,-1.33584,4.67241,-21.1496,-3.24336,-9.77579,0.699436,-2.62928,10.4831,3.83213,-0.758937,4.64328,-4.3832e-14,1.93815e-14,-72.883,3.57969,-77.7415,97.9109,-15.5745,-22.8064,27.5598,7.12502,3.6301,-2.38903,-4.3832e-14,1.93815e-14,-25.0472,-17.3411,88.2818,132.989,20.9673,-17.2633,4.72941,7.12502,8.98125,34.5182,-71.9816,-2.55618,17.01,79.1836,-10.9599,2.60069,-13.154,0.948968,-5.4692,-25.3887,26.0968,27.3072,-9.74832,-0.60814
0.249299,16.2658,-20.3435,23.1391,-2.40786,3.92186,14.4474,-1.73345,-4.55154,1.84113,-2.90594,1.30357,-5.84369,-1.30426,4.51082,-20.9251,-3.11793,-9.83058,0.644862,-2.44416,10.2125,3.75641,-0.689483,4.58179,1.89839e-14,-9.93923e-16,-72.311,3.61586,-77.7975,97.0549,-16.7601,-22.8038,27.3288,7.12502,3.63256,-2.62002,1.89839e-14,-9.93923e-16,-26.6529,-18.2388,88.5169,132.211,20.8526,-16.9334,5.69177,7.12502,9.29957,35.4667,-71.1844,-2.54088,17.1889,77.022,-10.793,2.65283,-14.4032,2.61093,-7.73039,-26.0742,24.1128,33.3494,-8.63955,-4.99597
0.262472,16.3057,-19.8809,22.6827,-2.89127,4.15225,14.3354,-1.71182,-4.55807,2.00127,-2.87724,1.20038,-5.61958,-1.30192,4.38823,-20.6286,-2.97939,-9.96319,0.519649,-2.23494,10.0689,3.65052,-0.602752,4.57562,-6.77856e-14,2.78299e-14,-71.2732,3.74744,-77.965,96.1797,-17.5772,-23.1878,26.5511,7.12502,3.2617,-3.40368,-6.77856e-14,2.78299e-14,-28.1377,-18.8652,88.7709,130.711,21.4324,-16.6471,6.73472,7.12502,9.5758,36.4971,-70.1782,-2.7911,17.2862,75.2146,-10.5504,2.90894,-15.508,3.74669,-9.20309,-26.9394,23.2363,36.5542,-9.82802,-11.7308
0.266774,16.3555,-19.4502,22.3938,-3.4531,4.30449,14.4144,-1.54749,-4.77792,2.08962,-2.69634,1.20998,-5.57729,-1.2123,4.49192,-20.473,-2.91834,-10.0372,0.471457,-2.12459,9.75756,3.59425,-0.569928,4.49686,-1.32192e-14,7.95139e-16,-69.8495,3.78757,-77.9802,95.2021,-18.0533,-23.4809,25.8508,7.12502,2.9787,-4.1081,-1.32192e-14,7.95139e-16,-29.566,-19.1036,89.1709,128.313,22.0539,-16.1279,7.72952,7.12502,10.0767,37.4683,-69.2228,-2.82835,17.4779,73.5937,-10.3441,3.2381,-16.3681,3.727,-9.19834,-27.4618,23.9717,38.8039,-12.2491,-12.2431
0.264071,16.3992,-19.0327,21.9841,-3.79029,4.46031,14.822,-1.41249,-4.97333,2.18264,-2.56185,1.28426,-5.7046,-1.13927,4.67434,-20.7203,-2.90445,-10.1593,0.633786,-2.03893,9.44369,3.665,-0.5401,4.42472,-1.25234e-14,-3.37934e-15,-67.9763,3.71037,-77.9696,93.9975,-17.9767,-23.3843,25.1427,7.12502,3.07199,-4.81488,-1.25234e-14,-3.37934e-15,-30.8221,-18.9552,89.4211,125.332,22.1371,-15.3686,8.95046,7.12502,10.8093,38.6523,-67.8925,-3.04793,17.802,72.2963,-10.6445,3.54089,-16.6333,3.11461,-8.13244,-27.7143,26.3616,40.1291,-13.1883,-4.51096
0.255872,16.4386,-18.6238,21.7305,-3.85095,4.77721,15.1647,-1.39502,-5.15253,2.16729,-2.58179,1.32796,-5.89662,-1.13731,4.84354,-20.6721,-2.80661,-10.183,0.696132,-1.87802,9.00279,3.65121,-0.486908,4.30138,2.20651e-14,-2.78299e-15,-65.9357,3.63927,-78.1515,92.6998,-17.6675,-23.5016,24.701,7.12502,2.95866,-5.25818,2.20651e-14,-2.78299e-15,-32.0658,-18.3561,89.612,121.745,21.4541,-14.7498,9.2981,7.12502,11.4061,38.9679,-66.5461,-3.57493,18.041,71.321,-11.098,3.95821,-16.8878,1.82173,-6.8423,-27.9321,29.9082,39.5137,-12.2004,2.33455
0.248265,16.4778,-18.2112,21.6004,-3.87368,4.88746,15.2072,-1.38911,-5.12738,2.28955,-2.56494,1.3913,-5.78926,-1.13561,4.89202,-20.8159,-2.6861,-10.0828,0.717738,-1.69738,8.56162,3.65143,-0.419029,4.16026,7.17613e-14,-8.34896e-15,-63.2201,3.51873,-78.4706,91.002,-17.712,-23.6936,25.1758,7.12502,2.77329,-4.78593,7.17613e-14,-8.34896e-15,-33.339,-17.0143,89.7711,117.796,19.4054,-14.3733,9.08159,7.12502,11.7691,38.7309,-65.1235,-4.12018,18.5257,70.6045,-11.3372,4.30831,-17.0731,0.101069,-5.52733,-27.9684,34.0091,38.365,-9.68212,7.46615
0.247609,16.519,-17.7841,21.2172,-3.94543,4.80906,15.3214,-1.33103,-4.94178,2.58361,-2.44834,1.53763,-5.55282,-1.09603,4.91721,-21.0822,-2.66492,-10.1318,0.60314,-1.59739,8.15669,3.63706,-0.387363,4.04753,2.32578e-14,-1.27222e-14,-59.9682,3.48222,-78.7251,89.0024,-18.3048,-23.5641,25.8814,7.12502,2.8983,-4.07861,2.32578e-14,-1.27222e-14,-34.4295,-15.1509,89.7266,113.629,16.0301,-14.3229,9.6102,7.12502,11.8177,39.2568,-63.0872,-4.64921,19.1392,70.0055,-11.4043,4.45898,-17.2218,-1.58241,-4.16697,-27.9383,38.4828,37.0306,-5.94635,11.167
0.245584,16.5697,-17.3583,20.7988,-3.81859,4.56395,15.5426,-1.32714,-4.47681,2.87248,-2.36004,1.73017,-5.38698,-1.07126,4.84292,-21.0335,-2.71205,-10.2787,0.173191,-1.59339,7.88649,3.49142,-0.400018,3.98336,-1.98785e-16,1.63003e-14,-56.6551,3.61658,-79.1602,87.0669,-19.2224,-23.7246,26.2398,7.12502,2.74336,-3.72232,-1.98785e-16,1.63003e-14,-35.0868,-13.1706,89.353,108.821,11.9549,-14.6738,9.50657,7.12502,11.4794,39.1723,-60.6387,-5.20099,19.8749,69.39,-11.3943,4.22024,-17.1626,-3.52959,-3.14644,-27.6883,43.231,34.8807,-2.37905,10.8713
0.236841,16.621,-16.9416,20.5702,-3.45165,4.38609,15.8083,-1.36001,-3.9197,2.97946,-2.31084,1.8705,-5.44043,-1.05533,4.67486,-21.0848,-2.7388,-10.2175,0.0605259,-1.60777,7.48274,3.4566,-0.427838,3.84243,3.97569e-16,-1.51076e-14,-53.3795,3.77153,-79.7703,85.167,-20.409,-24.146,26.0898,7.12502,2.33635,-3.87719,3.97569e-16,-1.51076e-14,-35.7264,-11.0319,88.8201,103.625,8.04576,-15.3747,8.46551,7.12502,10.8033,38.1677,-58.2228,-5.86099,20.5349,68.725,-11.3915,3.62187,-13.8584,-6.23977,-2.54611,-27.3781,48.2309,33.7791,0.339106,10.3168
0.226585,16.6535,-16.519,20.1017,-3.25959,3.90984,16.4797,-1.31841,-3.20068,2.98543,-2.13997,2.07724,-5.83688,-0.970698,4.48219,-21.3002,-2.71773,-10.1109,0.336927,-1.55321,6.90141,3.55683,-0.432303,3.64467,9.93923e-15,-1.19271e-14,-50.0488,4.21442,-80.4325,83.0873,-21.9072,-24.6598,25.3349,7.12502,1.84018,-4.63691,9.93923e-15,-1.19271e-14,-36.5824,-8.49523,88.1101,98.3191,5.20677,-16.4432,7.98989,7.12502,9.77259,37.7431,-55.2633,-6.20688,21.3254,67.9477,-12.1837,2.62201,-11.0449,-8.96039,-1.60402,-26.8175,53.4169,33.651,1.96803,11.3163
0.22151,16.6509,-16.0985,19.5097,-3.40884,3.38962,17.0503,-1.18601,-2.56263,3.13191,-1.85268,2.26939,-6.0326,-0.838087,4.28401,-21.2497,-2.72059,-10.2836,0.282529,-1.49644,6.6083,3.52316,-0.422157,3.58327,4.21423e-14,-3.57812e-15,-46.3893,5.03733,-81.0931,80.9468,-23.415,-24.8515,24.4287,7.12502,1.65503,-5.5446,4.21423e-14,-3.57812e-15,-37.0293,-5.70308,87.0035,92.8271,3.94142,-16.87,9.14151,7.12502,9.36079,38.9137,-52.0169,-6.11427,21.7914,67.0096,-13.5721,1.78029,-11.9272,-11.374,-0.353408,-26.3581,58.6653,32.3444,3.11996,10.7669
0.214831,16.6335,-15.6925,18.971,-3.46368,2.94855,17.4352,-1.08518,-1.99226,3.35084,-1.61114,2.45432,-6.03904,-0.732628,4.11363,-20.7172,-2.692,-10.6044,-0.273969,-1.41802,6.56329,3.26781,-0.388114,3.62582,1.70955e-14,-7.95139e-16,-42.6145,6.11158,-81.7808,79.0548,-24.3386,-24.7115,23.6736,7.12502,1.79024,-6.29864,1.70955e-14,-7.95139e-16,-36.9887,-2.67132,85.634,86.9977,4.28614,-17.5415,10.6441,7.12502,8.71283,40.4443,-48.8797,-5.87103,22.0283,65.876,-15.2923,1.29798,-14.1675,-13.8959,0.530112,-25.9373,63.8913,30.0903,4.52488,12.2907
0.207082,16.6232,-15.2917,18.3382,-3.54186,2.36365,18.2248,-0.954722,-1.36627,3.44649,-1.31109,2.70035,-6.39605,-0.590522,3.97969,-20.1221,-2.64323,-10.7438,-0.702287,-1.35637,6.25567,3.03976,-0.376909,3.55449,-1.19271e-14,9.54166e-15,-39.021,7.52536,-82.371,77.511,-24.2136,-24.9617,23.0752,7.12502,1.54859,-6.89895,-1.19271e-14,9.54166e-15,-37.0346,0.488908,84.0838,81.0198,6.4834,-19.0694,10.3288,7.12502,7.23818,40.185,-45.5886,-5.39736,22.3188,64.5806,-16.8989,0.859821,-16.0586,-16.7533,1.30211,-25.3558,69.0529,28.5588,4.67866,17.5163
0.205092,16.6158,-14.8862,17.7589,-3.84592,1.28863,19.19,-0.749934,-0.4285,3.46704,-0.822848,3.13386,-6.93813,-0.361369,3.82698,-19.7636,-2.63218,-10.9448,-0.789323,-1.30952,5.83169,2.95093,-0.379121,3.45537,7.55382e-15,-3.97569e-15,-35.4514,9.27023,-82.5965,76.4877,-23.5847,-25.3797,21.7932,7.12502,1.14486,-8.18352,7.55382e-15,-3.97569e-15,-37.2127,4.00821,82.3878,75.0446,9.76228,-19.2129,9.73234,7.12502,7.09964,39.5933,-42.2488,-4.42193,23.0083,63.2133,-18.3297,-0.0275957,-17.7505,-19.9395,2.49578,-24.2792,74.1465,25.0625,4.33412,12.9547
0.201226,16.5838,-14.4874,17.3439,-4.46162,0.183766,19.8649,-0.430295,0.346849,3.60628,-0.206905,3.57337,-7.19266,-0.0769276,3.72138,-19.7185,-2.66318,-11.1155,-0.855308,-1.29194,5.39154,2.91603,-0.392159,3.34407,2.22639e-14,1.90833e-14,-31.4425,11.1729,-82.5206,75.743,-22.9746,-24.5494,22.6572,7.12502,1.9468,-7.31368,2.22639e-14,1.90833e-14,-36.9152,7.82194,80.3494,68.9128,13.2937,-17.8983,10.9044,7.12502,8.36847,40.7186,-39.2699,-2.92493,23.648,61.9044,-19.5071,-0.990005,-18.8616,-23.4285,4.07717,-23.218,79.1333,22.4184,4.25722,11.5412
0.194344,16.5261,-14.1059,17.2513,-5.29702,-1.17303,20.1339,0.0529667,1.30986,3.94368,0.643817,3.9633,-7.01612,0.309092,3.37406,-20.1043,-2.7878,-11.0313,-1.12756,-1.40378,4.91456,2.88793,-0.461937,3.16996,3.97569e-15,-9.54166e-15,-27.1069,12.9499,-82.2675,76.4434,-20.4003,-23.3803,21.1394,7.12502,3.07579,-8.81818,3.97569e-15,-9.54166e-15,-35.9224,11.4783,78.0807,62.3753,16.9122,-19.7297,13.0355,7.12502,6.6008,42.9126,-36.7213,-0.94755,24.5977,60.5886,-20.4806,-1.98174,-21.1702,-27.5087,5.96243,-21.9014,84.015,20.0383,4.27906,11.4651
0.192076,16.474,-13.7163,17.1448,-6.57617,-2.5738,20.1645,0.699795,2.30313,4.56408,1.66632,4.15804,-6.38631,0.778321,2.74997,-20.4946,-2.91387,-10.6693,-1.7877,-1.58371,4.46072,2.74354,-0.556898,2.95463,3.18055e-15,-2.46493e-14,-22.6515,14.4791,-81.9553,77.5725,-19.3494,-21.8624,21.9354,7.12502,4.54164,-7.9959,3.18055e-15,-2.46493e-14,-34.9783,15.1382,75.5697,56.2166,20.0112,-21.1042,12.9706,7.12502,5.27375,42.885,-33.9638,1.3504,25.5229,59.1122,-21.3211,-2.92639,-22.9224,-31.4803,8.05623,-20.676,88.3475,18.0015,4.01035,10.6416
0.194513,16.4354,-13.3008,16.9497,-8.16305,-4.0245,21.7053,1.3477,3.19511,4.04764,2.81611,4.3111,-7.76745,1.29919,2.09093,-19.8463,-2.81556,-10.5263,-1.69857,-1.54702,4.19181,2.67209,-0.559587,2.85184,-3.18055e-15,-7.15625e-15,-20.1957,16.3049,-82.0814,79.4571,-19.0105,-20.6495,22.2943,7.12502,5.71276,-7.60872,-3.18055e-15,-7.15625e-15,-37.2162,17.8485,72.2516,52.0763,21.8225,-21.7471,11.9666,7.12502,4.65297,41.8955,-30.7852,3.64525,26.4533,57.4454,-22.2364,-3.71918,-22.5337,-35.2758,10.3117,-19.4713,92.0634,16.1501,3.63337,10.1072
0.18564,16.4139,-12.8994,17.1903,-9.08718,-4.86131,22.1459,1.72621,3.72845,4.01299,3.45495,4.35066,-8.02043,1.58361,1.64304,-20.0933,-2.75203,-10.4699,-1.86694,-1.44795,4.22584,2.64849,-0.502326,2.86155,-1.74931e-14,-2.38542e-15,-16.0765,17.9568,-81.7773,81.4119,-19.3782,-19.5477,23.3753,7.12502,6.77646,-6.49622,-1.74931e-14,-2.38542e-15,-39.0779,20.0229,69.0323,49.5125,21.8921,-21.5103,9.65959,7.12502,4.88166,39.5834,-28.1104,5.11704,27.05,55.5966,-23.0598,-4.72796,-22.943,-39.9438,11.7426,-18.7439,95.1724,14.4634,3.30215,8.62695
0.177088,16.3564,-12.5159,17.407,-9.63721,-5.51473,22.1878,1.88047,4.33904,4.38287,3.75212,4.2278,-7.58718,1.71437,1.08222,-20.9248,-2.66002,-10.1485,-2.28963,-1.31099,4.30573,2.62553,-0.414303,2.84672,-5.1684e-14,-2.22639e-14,-11.129,19.5366,-81.2437,83.6284,-20.4601,-19.1147,25.1102,7.12502,7.19445,-4.74752,-5.1684e-14,-2.22639e-14,-40.6737,21.1904,66.0905,48.4333,20.5088,-21.3499,7.52974,7.12502,5.03647,37.4499,-25.5663,6.01819,27.6017,53.6722,-23.8338,-5.9,-24.383,-44.6068,12.5856,-18.08,97.9134,12.496,3.10685,6.32463
0.164096,16.3025,-12.1096,17.8983,-10.3091,-5.86737,22.0268,2.06482,4.42634,4.41658,3.97723,4.04091,-7.44319,1.82032,0.772925,-21.4013,-2.54215,-9.86649,-2.51244,-1.17765,4.4586,2.61561,-0.33248,2.86162,-1.98785e-14,-1.74931e-14,-6.63516,21.2951,-80.5487,86.3862,-21.1536,-18.3907,24.3433,7.12502,7.8933,-5.4893,-1.98785e-14,-1.74931e-14,-43.4667,20.6973,63.4972,49.1112,17.9983,-21.6213,6.93915,7.12502,4.7744,36.8654,-23.1908,6.859,27.7359,51.5585,-24.6292,-6.93704,-25.531,-49.2467,13.2391,-17.8164,100.004,10.3544,2.74298,3.71975
0.149564,16.2686,-11.6678,18.5696,-11.1512,-5.91361,21.6872,2.31575,4.14159,4.14372,4.20611,3.70001,-7.55459,1.93045,0.508175,-21.5228,-2.46756,-9.5748,-2.5173,-1.15427,4.83256,2.63478,-0.302438,2.93589,4.21423e-14,3.49861e-14,-2.56795,22.6283,-80.0273,88.7518,-20.9103,-17.2278,23.8795,7.12502,9.01555,-5.90789,4.21423e-14,3.49861e-14,-47.0217,18.6767,61.2828,50.967,15.7345,-21.4575,6.205,7.12502,4.93265,36.1276,-20.8655,7.66496,27.3819,49.2493,-25.6224,-7.65526,-26.713,-53.7271,13.6103,-17.9571,101.208,8.33559,2.32623,1.45062
0.13872,16.2417,-11.2182,19.1885,-11.841,-5.96656,21.4372,2.5261,4.03796,3.86772,4.42155,3.26711,-7.69325,2.02799,0.043521,-21.8544,-2.38433,-9.05877,-2.39029,-1.15405,5.12079,2.72389,-0.288042,2.94538,-5.725e-14,-1.74931e-14,1.20455,23.4198,-79.6839,91.2031,-20.1529,-16.3489,23.5933,7.12502,9.8636,-6.15563,-5.725e-14,-1.74931e-14,-50.164,15.7779,59.7504,53.4085,14.8027,-20.7525,7.56243,7.12502,5.61329,37.4681,-18.3688,8.25173,27.0033,46.7059,-26.5944,-8.06599,-29.1324,-58.048,13.6439,-17.9831,101.754,6.71889,2.02208,-1.47863
0.130779,16.2227,-10.7627,19.8352,-12.1494,-5.81678,21.1838,2.65165,4.02431,3.54745,4.54614,2.78287,-7.86606,2.07809,-0.502456,-22.1324,-2.38879,-8.62427,-2.51203,-1.25491,5.42841,2.73576,-0.31934,2.96558,3.26007e-14,3.26007e-14,4.10881,23.8466,-79.3751,94.331,-19.4464,-16.3099,23.8066,7.12502,9.90113,-5.94053,3.26007e-14,3.26007e-14,-52.953,12.6535,58.8881,56.4071,15.4498,-19.7917,10.8594,7.12502,6.54086,40.7384,-15.8785,8.4127,26.5017,43.9699,-26.5575,-8.38626,-31.051,-62.3137,13.0614,-17.9987,101.668,4.52354,2.07286,-9.10302
0.127545,16.202,-10.2925,20.6032,-12.073,-5.65593,20.5599,2.73119,4.29102,3.27503,4.65105,2.32434,-7.76539,2.11972,-1.15006,-22.0115,-2.53616,-8.33603,-3.12487,-1.53073,5.72719,2.55296,-0.439172,2.99167,4.37326e-15,-1.51076e-14,6.1506,23.8168,-78.8935,98.0294,-19.4683,-16.6133,24.3183,7.12502,9.6085,-5.44256,4.37326e-15,-1.51076e-14,-55.4342,9.44164,58.5501,59.553,17.3955,-19.271,12.4778,7.12502,7.04354,42.3406,-13.5721,8.35838,26.0238,41.1077,-25.4595,-8.23517,-31.2015,-66.4238,12.0871,-17.793,100.986,2.0013,2.20321,-17.8729
0.125972,16.1981,-9.79876,21.4136,-11.9744,-5.58808,19.8545,2.9528,4.62205,2.86138,4.96591,1.96141,-7.76214,2.25683,-1.77871,-21.7013,-2.90268,-8.26734,-3.43149,-2.05878,5.9852,2.45661,-0.692446,3.01849,3.1408e-14,-3.02153e-14,7.2864,23.3735,-78.2265,101.904,-20.6318,-16.4789,24.8904,7.12502,9.73813,-4.86441,3.1408e-14,-3.02153e-14,-57.8688,6.08423,58.6646,62.6586,20.1329,-19.1445,11.9943,7.12502,7.16566,41.853,-11.24,8.36382,25.5677,38.0947,-24.0459,-7.28638,-30.6805,-69.9306,11.1783,-17.3944,99.6497,0.662186,1.90298,-19.0947
0.127475,16.2083,-9.28323,21.9895,-11.6814,-5.34021,19.2938,3.19373,4.89429,2.39999,5.3066,1.63252,-7.88595,2.40185,-2.34885,-21.3623,-3.46577,-8.29756,-3.40487,-2.82869,6.12519,2.47412,-1.07455,3.00258,1.86858e-14,1.35174e-14,7.86459,22.8977,-77.2176,105.618,-22.3849,-16.8539,25.9893,7.12502,9.37634,-3.78215,1.86858e-14,1.35174e-14,-60.1366,2.82808,59.117,65.4335,22.3311,-19.2534,10.831,7.12502,7.06051,40.6933,-8.65365,8.22579,24.9859,35.0651,-22.5369,-5.73139,-30.111,-72.7626,10.0536,-17.0418,97.8121,0.21617,1.15134,-15.5672
0.13092,16.2204,-8.73327,22.1299,-11.178,-4.98209,18.6481,3.37259,5.32707,2.32155,5.56547,1.28572,-7.52442,2.52446,-2.97872,-21.2714,-4.10792,-8.35649,-3.49978,-3.67336,6.28827,2.49546,-1.48816,2.99094,-1.07344e-14,3.97569e-15,9.37723,22.5783,-75.4454,109.009,-24.5126,-17.9257,26.772,7.12502,8.34202,-3.04328,-1.07344e-14,3.97569e-15,-61.736,0.28835,59.6313,67.6959,23.7315,-18.9299,9.57961,7.12502,7.37285,39.4311,-5.46796,8.06907,24.4322,31.9808,-20.3954,-4.01649,-29.8734,-74.7329,8.78924,-16.6749,95.5917,-0.210897,-0.0500808,-11.6076
0.123405,16.2205,-8.21052,22.2772,-10.0658,-4.34206,18.1426,3.34424,5.52237,2.18593,5.52132,0.986266,-7.35034,2.50238,-3.36518,-21.0932,-4.59203,-8.31974,-3.74908,-4.33308,6.43103,2.44352,-1.81202,2.97527,1.43125e-14,0,9.06351,22.1384,-74.3389,112.2,-26.1136,-18.7004,29.9041,7.12502,7.59429,0.060409,1.43125e-14,0,-63.16,-1.71451,60.255,69.9732,24.8394,-18.601,9.05918,7.12502,7.69031,38.8993,-2.37085,7.70636,23.99,28.961,-17.3641,-3.08634,-31.7453,-76.6654,7.23952,-16.5225,93.0427,-0.707677,-1.63717,-9.47379
0.111124,16.2412,-7.666,22.0295,-8.74101,-3.69071,17.9045,3.21273,5.63809,2.21344,5.34474,0.830363,-7.17988,2.42185,-3.53778,-21.3405,-5.02282,-8.32245,-3.68702,-4.88572,6.56843,2.53969,-2.0762,2.9658,-7.95139e-16,-2.8625e-14,9.24919,22.2528,-73.1513,114.69,-25.7995,-19.6069,32.9373,7.12502,6.71928,3.06392,-7.95139e-16,-2.8625e-14,-64.5446,-2.75264,60.87,72.4791,25.2551,-18.0482,8.27047,7.12502,8.22382,38.0904,0.832568,7.31311,23.7536,26.0731,-13.5223,-1.85428,-32.5668,-77.4823,5.72856,-16.432,90.0028,-1.64021,-2.94443,-9.37349
0.0928471,16.2758,-7.11032,21.5871,-7.32875,-2.87502,17.8238,3.03315,5.31432,2.2344,5.04642,0.853235,-7.17176,2.2897,-3.26096,-21.6486,-5.37579,-8.44868,-3.3219,-5.30456,6.56042,2.7256,-2.27873,2.93658,-5.12864e-14,1.27222e-14,8.35324,22.8615,-72.3358,116.597,-23.4322,-20.2951,34.0834,7.12502,6.05494,4.18989,-5.12864e-14,1.27222e-14,-66.025,-2.95165,61.582,74.835,24.6196,-16.7476,7.89319,7.12502,9.47888,37.66,4.13714,7.0474,23.4689,23.4177,-8.48105,-0.170392,-30.8221,-77.6501,4.18835,-16.5515,86.5151,-2.2701,-3.94494,-8.91211
0.0603991,16.3359,-6.55261,21.2546,-6.09413,-2.05827,17.9046,2.89335,4.50161,2.00973,4.73863,0.995982,-7.56665,2.15091,-2.6012,-21.4457,-5.56278,-8.5748,-3.13541,-5.53907,6.46445,2.77014,-2.40247,2.90461,-4.25399e-14,-3.18055e-15,6.38327,23.7972,-72.1577,118.189,-20.1178,-20.828,32.9516,7.12502,5.54041,3.04402,-4.25399e-14,-3.18055e-15,-67.4544,-2.96797,62.4814,76.6932,23.3756,-15.3182,10.3763,7.12502,10.8579,40.0756,7.10002,7.29389,23.2283,20.7983,-1.38755,0.728243,-26.5271,-77.3207,2.97733,-16.8764,82.7115,-2.65362,-5.0656,-8.35118
0.0302032,16.4084,-5.96959,20.7304,-5.55668,-1.3934,18.0143,2.93261,3.56951,1.96061,4.62392,1.0607,-7.76833,2.11944,-1.99337,-21.8015,-5.7918,-8.79561,-2.48404,-5.77801,6.53483,3.0455,-2.51182,2.92546,-4.05521e-14,7.95139e-16,4.24909,25.0241,-72.3709,119.364,-18.2686,-20.9193,31.3586,7.12502,5.45229,1.44879,-4.05521e-14,7.95139e-16,-68.3964,-2.73733,63.6604,77.5661,23.2543,-16.494,9.32092,7.12502,9.72356,39.0765,10.0264,8.38339,22.9783,18.4186,6.12562,1.09832,-26.295,-76.1025,2.52174,-17.5349,78.9696,-3.14635,-6.19996,-7.53245
0.00933415,16.4721,-5.36538,20.014,-5.2474,-1.26388,18.1297,3.00293,3.18372,2.01215,4.65506,1.18859,-7.81618,2.14772,-1.65329,-21.9438,-5.9543,-9.22771,-1.82671,-5.90758,6.83662,3.30225,-2.55791,3.06545,-4.37326e-15,9.54166e-15,1.6009,25.6077,-72.958,120.053,-18.209,-17.6042,34.3785,7.12502,8.65233,4.57583,-4.37326e-15,9.54166e-15,-68.8959,-2.16242,64.6481,78.0764,22.7179,-16.8071,8.31693,7.12502,9.42144,38.0863,12.709,9.94813,23.376,16.8616,12.0825,3.68857,-14.7274,-74.3901,2.64152,-17.9133,75.5039,-3.74549,-7.32834,-6.50092
-0.0164868,16.5149,-4.77991,19.3848,-4.09647,-1.39487,18.2644,2.76209,3.4127,1.96625,4.41449,1.42113,-7.95283,2.02515,-1.4852,-21.5997,-6.01114,-9.47746,-1.51591,-5.97773,7.08584,3.37368,-2.58602,3.17742,6.75868e-15,2.8625e-14,-1.91686,28.1718,-73.8872,119.818,-11.291,-21.2767,32.8704,7.12502,5.1072,2.95195,6.75868e-15,2.8625e-14,-69.2033,-1.65755,65.6512,78.7238,22.18,-16.7996,7.59665,7.12502,9.42867,37.3657,14.5723,10.9098,24.6204,16.7061,10.792,6.74659,-18.605,-72.876,2.49866,-17.9521,72.4288,-2.78585,-8.17249,-8.22949
-0.0410012,16.5227,-4.2078,18.7967,-2.64509,-1.55806,18.1543,2.40955,3.94696,2.03982,4.06463,1.57091,-7.80171,1.84854,-1.53282,-21.1531,-6.14237,-9.57515,-1.53083,-6.19317,7.47689,3.34369,-2.68043,3.30062,-6.04305e-14,-1.03368e-14,-5.09496,28.4008,-75.1049,119.127,-13.7754,-20.0683,33.088,7.12502,6.27389,3.20093,-6.04305e-14,-1.03368e-14,-69.1278,-1.3158,66.7127,79.7413,21.8803,-16.836,7.14272,7.12502,9.39355,36.9134,15.5223,11.2799,26.0983,18.4576,9.06391,8.13954,-17.3808,-71.4723,2.34212,-18.1213,70.0615,-3.13425,-8.96089,-12.9438
-0.0613255,16.5055,-3.64609,18.2045,-1.68555,-1.86205,18.1077,2.17938,4.44587,2.14718,3.86071,1.64401,-7.64148,1.74262,-1.68108,-20.9382,-6.28276,-9.67268,-1.36678,-6.41131,7.95108,3.40703,-2.76814,3.44427,5.24792e-14,2.62396e-14,-8.5374,28.8048,-76.7903,118.2,-15.1779,-19.2049,31.3762,7.12502,7.10735,1.51559,5.24792e-14,2.62396e-14,-68.6458,-0.949604,67.8054,80.5406,21.9213,-17.0081,6.96559,7.12502,9.22752,36.7437,15.5877,11.4699,27.4261,21.9122,8.70961,9.00828,-13.487,-69.923,2.71097,-18.4292,68.3839,-2.90984,-10.2303,-12.1912
-0.0822208,16.4866,-3.09859,17.8214,-0.8694,-2.08193,18.0671,1.91438,4.9069,2.22343,3.58889,1.53048,-7.5149,1.602,-1.99437,-21.3092,-6.37193,-9.50636,-0.892892,-6.5804,8.33839,3.63533,-2.82222,3.51179,-2.34566e-14,-3.18055e-15,-11.9747,29.1994,-79.0227,116.782,-15.9535,-18.9354,29.4845,7.12502,7.36752,-0.367187,-2.34566e-14,-3.18055e-15,-67.6391,-0.504662,68.7876,81.0941,22.1575,-17.6503,7.3747,7.12502,8.60786,37.1792,14.4898,11.0354,28.3926,26.9925,7.57086,9.13778,-15.1978,-68.425,3.11435,-18.7799,67.0101,-3.15003,-10.3746,-13.0604
-0.100388,16.4768,-2.53853,17.5118,-0.0541009,-1.91561,17.9097,1.62803,4.98544,2.24818,3.20397,1.33913,-7.4106,1.41673,-2.14727,-21.2526,-6.37748,-9.17681,-0.994487,-6.68207,8.52931,3.60468,-2.86301,3.51131,6.36111e-15,-1.66979e-14,-15.461,29.2468,-81.4278,114.833,-16.3492,-18.4258,28.7403,7.12502,7.85937,-1.09359,6.36111e-15,-1.66979e-14,-66.6118,-0.183287,69.9842,81.8561,22.6509,-18.5654,8.67683,7.12502,7.72461,38.5157,12.9347,9.84307,28.7427,32.873,6.05036,8.60736,-19.7115,-66.7115,3.30144,-19.4831,65.7858,-3.54039,-10.1315,-13.8538
-0.127066,16.5277,-1.95976,17.3041,0.682102,-1.36042,17.5384,1.39836,4.43469,2.32926,2.76271,1.19275,-7.16846,1.22732,-1.87673,-20.9007,-6.38601,-9.11435,-1.26537,-6.74488,8.81453,3.48877,-2.88828,3.59299,-2.06736e-14,3.97569e-15,-18.7882,28.9028,-83.6202,112.551,-16.0357,-18.1087,28.1197,7.12502,8.1654,-1.70248,-2.06736e-14,3.97569e-15,-65.3649,0.216218,71.5047,82.7348,23.2616,-19.6327,9.69846,7.12502,6.69439,39.5726,10.437,8.84395,28.525,39.2876,6.11576,6.71385,-12.6104,-64.3357,3.35012,-20.4288,64.3263,-3.77714,-9.75652,-12.8666
-0.167062,16.5403,-1.41421,17.6447,0.943135,-1.04763,16.6187,1.41134,3.71584,2.40372,2.5911,1.08546,-6.62285,1.17767,-1.51409,-20.7408,-6.42135,-9.0691,-1.4871,-6.82366,9.11479,3.41836,-2.91679,3.67698,-5.1684e-15,-1.59028e-14,-21.7211,28.1785,-85.5638,109.924,-14.9061,-19.0389,26.8984,7.12502,7.26759,-2.95684,-5.1684e-15,-1.59028e-14,-63.6179,0.488183,73.1767,83.5004,23.9149,-20.5244,9.33005,7.12502,5.83358,39.2297,7.329,7.95071,28.2086,45.8044,5.10527,5.11491,-9.79184,-62.6209,3.82773,-21.0792,63.168,-3.88818,-9.21613,-9.90869
-0.200897,16.5541,-0.851986,17.6491,1.48534,-0.304845,16.0597,1.25254,2.90627,2.48487,2.19877,0.823623,-6.26963,1.01267,-1.23354,-20.3422,-6.41245,-8.82583,-1.85815,-6.89205,9.26159,3.25347,-2.95626,3.68786,1.86858e-14,6.36111e-15,-24.7733,26.9175,-87.606,107.278,-13.4572,-19.3544,27.3293,7.12502,6.96303,-2.53619,1.86858e-14,6.36111e-15,-61.7967,0.565938,74.7492,84.1739,24.4652,-20.6334,10.1105,7.12502,5.72829,40.0131,4.19513,6.38147,27.4855,52.3539,3.95107,3.57569,-9.04494,-60.2639,3.97709,-22.0994,62.2637,-5.3447,-9.1974,-8.53762
-0.222696,16.5596,-0.285475,17.3462,1.61925,0.0471585,15.9447,1.2293,2.44566,2.57559,2.06749,0.57735,-6.1221,0.960076,-1.20258,-19.9125,-6.43827,-8.59895,-2.28615,-7.0004,9.45916,3.07335,-3.01558,3.7147,9.54166e-15,5.56597e-15,-27.6809,25.0954,-89.4723,104.56,-12.1657,-19.5224,28.0722,7.12502,6.80085,-1.79858,9.54166e-15,5.56597e-15,-59.895,0.462172,76.3275,84.6954,24.7759,-19.9946,10.1083,7.12502,6.34505,39.9933,1.61838,5.2827,26.9691,58.5217,3.11286,2.35311,-7.9578,-57.4562,4.47975,-22.6778,61.96,-8.06731,-9.49473,-9.84018
-0.243623,16.5594,0.271426,16.9622,1.4191,0.270228,15.9914,1.3072,1.88788,2.68785,2.06282,0.404974,-6.0414,0.969602,-1.06852,-19.7319,-6.43762,-8.47225,-2.43227,-7.04425,9.65737,3.01321,-3.0348,3.7568,9.54166e-15,-1.59028e-14,-29.8291,23.4383,-90.6871,101.211,-11.3425,-19.5585,29.1057,7.12502,6.76603,-0.766172,9.54166e-15,-1.59028e-14,-57.7931,0.246779,78.1236,85.199,24.8019,-19.9235,9.23052,7.12502,6.41365,39.1134,-0.972652,4.57818,26.464,64.394,2.00599,1.25681,-8.18581,-54.4357,5.21164,-23.0795,62.0461,-10.9808,-9.40042,-10.1816
-0.260296,16.5382,0.831237,16.682,2.98132,1.26768,15.7633,0.70819,1.35979,2.81517,1.17596,0.266788,-5.81466,0.551685,-0.72785,-19.6134,-6.40545,-8.43526,-2.43926,-7.02792,9.8355,3.00119,-3.02212,3.81008,1.49089e-14,-8.34896e-15,-32.2176,21.0594,-91.6911,98.3998,-10.4114,-19.2639,29.7701,7.12502,7.05037,-0.092523,1.49089e-14,-8.34896e-15,-55.3692,0.00336138,80.184,85.7671,24.3969,-21.5743,11.8583,7.12502,4.8198,41.7834,-3.67385,2.03194,25.6812,70.0036,0.454013,0.384291,-9.11326,-51.492,4.11079,-23.7134,62.176,-13.7909,-8.45848,-10.221
-0.279176,16.5082,1.37674,16.4322,4.40075,2.20974,15.7904,0.147289,0.770163,2.85109,0.33517,0.11648,-5.81081,0.153134,-0.381906,-19.4103,-6.34208,-8.33094,-2.41665,-6.99382,10.0217,2.98286,-3.00279,3.85784,-1.78906e-15,6.36111e-15,-34.4053,18.6383,-92.4657,95.5207,-9.33446,-19.6313,28.7765,7.12502,6.69578,-1.09767,-1.78906e-15,6.36111e-15,-52.7617,-0.348322,82.1848,86.2899,24.0063,-23.229,14.8015,7.12502,3.22192,44.7569,-6.60884,-0.548128,24.7664,75.5472,-0.598247,0.0413204,-7.26101,-48.7242,3.0638,-24.2257,62.2468,-16.3156,-7.2687,-12.8015
-0.294132,16.4765,1.88882,17.0045,3.25207,2.23586,15.3364,0.523158,-0.0700155,2.65566,0.677083,-0.056654,-5.77424,0.332951,-0.15558,-19.7,-6.37056,-8.42107,-2.14057,-7.03524,10.5365,3.14374,-2.98816,4.02115,-1.21259e-14,1.98785e-15,-36.2126,16.0287,-92.902,92.7981,-8.65617,-20.1377,28.7017,7.12502,6.2069,-1.18732,-1.21259e-14,1.98785e-15,-49.9062,-0.858067,83.977,86.6084,23.7453,-23.1849,14.1387,7.12502,3.26452,44.0935,-11.2187,-0.523586,23.858,81.0697,-1.05504,0.289676,-7.32026,-47.1204,4.04442,-24.4587,62.1054,-18.7647,-5.88146,-17.12
-0.326692,16.4319,2.38668,18.8319,1.14017,2.22549,13.6759,1.26383,-1.66726,2.09183,1.41265,-0.179897,-5.49398,0.722029,0.496466,-20.107,-6.47913,-8.91149,-1.72365,-7.11325,11.354,3.39874,-2.96878,4.33802,1.70955e-14,-9.14409e-15,-38.1188,13.3781,-92.9741,90.9315,-8.56079,-20.6422,28.9435,7.12502,5.71983,-0.959266,1.70955e-14,-9.14409e-15,-47.1629,-1.52449,85.878,87.3297,23.574,-22.4537,12.3386,7.12502,3.97067,42.2813,-17.706,0.543564,22.7736,86.5902,-1.77394,0.566412,-13.5353,-46.9581,5.54169,-24.9691,61.9204,-20.8338,-4.46294,-19.7194
-0.340168,16.4043,2.92926,17.8315,4.20875,4.64435,14.9801,0.0745095,-2.81024,2.27224,-0.371638,-0.41354,-5.97078,-0.122911,1.22677,-20.0445,-6.5841,-9.20588,-1.67061,-7.22726,11.8849,3.45709,-3.00023,4.54108,2.5842e-15,-5.96354e-15,-40.6722,10.7255,-92.7758,90.2212,-8.85187,-21.3053,27.9543,7.12502,5.07954,-1.96483,2.5842e-15,-5.96354e-15,-44.514,-2.64103,88.032,88.723,24.2071,-22.3265,12.0871,7.12502,4.09349,42.0275,-19.4737,-4.48437,20.5312,90.8308,-4.21696,1.22377,-22.2978,-42.8086,2.21629,-26.1101,61.1716,-21.8243,-4.2565,-18.6258
-0.361051,16.3567,3.44531,17.4872,4.42699,6.0501,15.744,0.0087717,-4.52463,2.19986,-0.783857,-0.549285,-6.42819,-0.276171,2.14312,-20.168,-6.74777,-9.3601,-1.60784,-7.41539,12.0401,3.52747,-3.08077,4.5922,-9.93923e-15,2.38542e-15,-43.7453,7.99817,-92.1767,90.5793,-9.17977,-21.5642,28.1378,7.12502,4.82955,-1.78712,-9.93923e-15,2.38542e-15,-41.8796,-4.00851,90.3838,90.579,25.5079,-21.7461,13.1317,7.12502,4.65396,43.0606,-23.0802,-6.3006,18.5429,95.0416,-5.58561,2.05825,-5.13292,-39.6038,1.4999,-27.1485,60.3647,-22.4433,-3.94039,-18.5116
-0.375017,16.3217,3.9823,16.9846,4.67747,7.28428,16.5284,-0.0514992,-5.89829,2.17566,-1.15859,-0.663294,-6.83303,-0.41252,2.88995,-20.3597,-6.91009,-9.64015,-1.40205,-7.58136,12.2568,3.65796,-3.14229,4.68285,2.18663e-14,7.55382e-15,-47.2242,5.33071,-91.4049,91.859,-10.0929,-21.4798,30.2292,7.12502,4.91106,0.306115,2.18663e-14,7.55382e-15,-39.4364,-5.62419,92.4639,92.6052,27.0766,-21.5715,11.0289,7.12502,4.82256,40.954,-26.1768,-7.95747,16.7459,98.4034,-6.431,3.19216,-2.90382,-36.0544,0.787064,-27.9893,59.2453,-23.306,-3.6125,-19.4884
-0.382328,16.2963,4.51231,17.1286,4.79221,8.00349,16.6362,-0.102883,-6.61052,1.91405,-1.38199,-0.765771,-7.14027,-0.48683,3.23616,-20.2615,-6.89439,-9.62978,-1.20476,-7.58376,12.201,3.70081,-3.1466,4.6627,-2.127e-14,-1.19271e-15,-50.7854,2.84241,-90.5653,93.4852,-11.2023,-21.7493,31.0693,7.12502,4.65088,1.14035,-2.127e-14,-1.19271e-15,-37.3977,-7.44729,94.2999,95.0484,28.9511,-19.5503,10.0495,7.12502,6.77399,39.9212,-30.2735,-9.25671,15.6577,101.174,-7.14743,4.09452,-3.18195,-33.2878,0.234905,-28.387,57.999,-23.8573,-3.24661,-20.4948
-0.380973,16.2643,5.01744,18.1944,4.16398,7.96159,15.6567,-0.0190476,-6.87342,1.4682,-1.25527,-0.669411,-7.08714,-0.410282,3.44582,-20.2459,-6.75673,-9.43998,-1.12068,-7.42613,11.8038,3.67805,-3.0885,4.52321,-2.78299e-15,5.96354e-15,-53.8959,0.913783,-89.4112,95.2809,-11.9307,-21.552,31.928,7.12502,4.84137,2.00335,-2.78299e-15,5.96354e-15,-35.5091,-9.03225,96.1347,97.9564,30.6772,-19.7882,11.3733,7.12502,6.54431,41.2522,-36.1651,-9.50668,15.5089,103.604,-7.56887,4.81625,-4.90903,-31.9026,0.440097,-28.3332,56.8678,-24.0889,-2.85422,-22.0414
-0.366592,16.27,5.59801,16.8465,5.94734,8.23944,16.7631,-0.758569,-6.22506,1.79428,-2.16095,-0.426872,-7.25925,-0.862069,3.55848,-20.3069,-6.5166,-9.33536,-0.878241,-7.11541,11.3818,3.70257,-2.95182,4.40381,-2.20651e-14,-9.54166e-15,-56.8316,-0.486684,-88.1709,97.3578,-12.4712,-21.2069,32.0056,7.12502,5.17453,2.08875,-2.20651e-14,-9.54166e-15,-33.887,-10.3729,97.9305,101.161,32.0051,-20.3835,12.998,7.12502,5.96956,42.8939,-37.1963,-11.997,15.2506,104.397,-8.95561,5.46709,-5.75961,-27.1159,-0.926392,-27.7559,55.2964,-24.6032,-3.21915,-23.3853
-0.357439,16.2406,6.12035,17.8509,5.29983,7.80982,15.5954,-0.886256,-5.99054,1.29243,-2.2129,-0.212399,-7.15121,-0.88749,3.63714,-20.5165,-6.13964,-9.13392,-0.295993,-6.65798,10.9733,3.8394,-2.73415,4.28428,-9.93923e-15,-8.74653e-15,-59.7349,-1.27446,-87.0959,99.5996,-12.7388,-21.0424,31.5803,7.12502,5.33338,1.66744,-9.93923e-15,-8.74653e-15,-32.7461,-11.6638,99.4147,104.72,33.1371,-20.2946,13.3298,7.12502,6.05538,43.2233,-42.9035,-11.7932,15.8415,105.409,-9.15548,5.94272,-5.67872,-25.5505,-0.64552,-27.3005,53.7571,-24.1564,-3.30367,-24.4964
-0.346101,16.2476,6.68717,17.6787,5.27335,7.67317,15.5053,-1.33678,-5.7645,1.21759,-2.74902,-0.00506698,-7.12548,-1.15067,3.83944,-21.3382,-5.75236,-9.00761,0.602962,-6.15561,10.7697,4.17536,-2.46333,4.24005,5.14852e-14,1.94809e-14,-62.2259,-1.308,-86.3079,101.749,-12.9909,-20.8457,31.1325,7.12502,5.52332,1.2245,5.14852e-14,1.94809e-14,-31.6253,-12.9798,100.523,108.39,34.2518,-20.3912,12.8823,7.12502,5.9621,42.7784,-46.1389,-12.071,16.0499,105.208,-9.88491,6.26262,-7.16042,-22.1663,-0.605242,-26.9084,51.6433,-23.3827,-3.78252,-25.6781
-0.324818,16.2843,7.3016,16.9137,4.54813,7.62647,15.4738,-1.62643,-5.87746,1.45547,-3.13018,0.102386,-6.79862,-1.34796,4.08614,-21.9673,-5.33383,-8.8963,1.15555,-5.61468,10.7406,4.38305,-2.17463,4.2663,-1.0138e-14,-3.97569e-16,-64.3922,-0.781705,-85.7761,103.852,-13.9147,-20.7186,31.0932,7.12502,5.64609,1.18838,-1.0138e-14,-3.97569e-16,-30.605,-14.439,101.258,112.171,35.4675,-20.5081,11.892,7.12502,5.84924,41.7913,-48.4036,-11.5427,15.8695,104.04,-10.8078,6.34641,-10.8754,-17.7392,-0.0631861,-26.8273,49.2037,-22.5096,-4.2417,-26.9894
-0.305028,16.3053,7.90879,16.5971,4.07615,7.70374,15.1162,-2.01635,-5.85549,1.41735,-3.61514,0.163299,-6.58539,-1.59197,4.21486,-22.0101,-4.90665,-8.88406,1.48842,-5.07056,10.7432,4.44064,-1.90307,4.32555,3.97569e-16,3.18055e-15,-66.7558,-0.223505,-85.2417,106.041,-15.1547,-20.3368,31.0387,7.12502,6.01464,1.14406,3.97569e-16,3.18055e-15,-30.242,-16.2049,101.87,116.124,36.7747,-21.329,11.3362,7.12502,5.05666,41.2558,-50.507,-11.2687,15.6059,102.457,-12.2658,6.17998,-14.8502,-13.9243,0.0557161,-26.8149,46.5144,-20.685,-5.12875,-27.385
-0.290184,16.3402,8.52284,16.4587,3.49789,7.7847,14.7801,-2.36375,-5.85896,1.16847,-4.06111,0.205797,-6.61356,-1.80323,4.33496,-22.3075,-4.47127,-8.61031,2.27492,-4.56668,10.4194,4.66301,-1.65801,4.23147,1.94809e-14,-1.39149e-14,-69.3752,0.452664,-84.795,108.288,-16.59,-19.4492,31.1787,7.12502,6.87159,1.31026,1.94809e-14,-1.39149e-14,-30.2046,-18.0347,102.175,119.95,38.0607,-21.4619,11.058,7.12502,4.92834,40.9807,-52.7454,-10.8001,15.4964,100.347,-13.2557,5.70457,-17.2905,-10.4537,0.168318,-26.8391,43.6284,-17.7755,-6.23269,-27.4751
-0.293152,16.3882,9.14337,16.3674,2.36665,7.73986,14.4766,-2.39261,-6.26663,0.853041,-4.14684,0.402594,-6.73093,-1.82001,4.7831,-22.5141,-4.13914,-8.52994,2.96015,-4.13829,10.0273,4.85204,-1.46245,4.13973,-3.69739e-14,-4.37326e-15,-72.057,1.11193,-84.1265,110.5,-18.1556,-18.2305,32.0175,7.12502,8.04789,2.19068,-3.69739e-14,-4.37326e-15,-30.4375,-19.9706,102.514,123.729,39.3337,-19.8878,10.1234,7.12502,6.44811,40.0052,-55.1048,-9.5666,15.5745,97.7126,-13.5531,4.95034,-17.1532,-7.12685,0.616689,-26.8754,40.6629,-13.9893,-7.34177,-28.7413
-0.295133,16.439,9.78011,16.3028,1.25247,7.53354,13.916,-2.37305,-6.41736,0.628319,-4.09926,0.664496,-6.63573,-1.78961,5.11126,-22.6149,-3.91899,-8.62958,3.46723,-3.80486,9.66628,4.98484,-1.32054,4.07705,1.13307e-14,-5.96354e-15,-74.6062,1.61441,-83.4763,112.646,-19.3689,-18.91,32.5197,7.12502,7.39204,2.6688,1.13307e-14,-5.96354e-15,-30.6348,-22.191,102.625,127.205,40.9357,-18.2819,9.31154,7.12502,7.99825,39.1402,-57.012,-8.24893,15.7498,94.5484,-13.5527,3.9514,-16.5909,-3.77713,1.02331,-26.7959,37.5326,-9.54747,-8.36952,-31.0727
-0.287414,16.5027,10.4295,16.0837,0.543884,7.08718,13.3681,-2.46865,-5.88822,0.55015,-4.09637,0.895798,-6.43249,-1.80981,5.02582,-22.8027,-3.75124,-8.63012,3.98966,-3.5576,9.2901,5.14301,-1.21983,3.98396,4.33351e-14,-1.11319e-14,-76.6324,1.77878,-82.9419,114.343,-19.8616,-21.0233,30.1306,7.12502,5.35181,0.21821,4.33351e-14,-1.11319e-14,-30.9261,-24.5245,102.457,130.307,42.2351,-17.0487,8.83775,7.12502,9.18839,38.6176,-58.1321,-7.28633,16.2081,90.8211,-13.8337,2.73214,-16.6343,-0.270215,0.908826,-26.4705,34.1761,-3.83088,-9.26907,-32.7972
-0.278499,16.5677,11.0754,15.7585,-0.0740793,6.75479,12.8589,-2.54795,-5.48204,0.661784,-4.08985,1.1743,-6.03621,-1.8351,5.05245,-23.1145,-3.61636,-8.70526,4.36341,-3.30429,8.85453,5.27283,-1.122,3.88389,-5.96354e-16,-1.98785e-15,-77.9442,1.94622,-82.1915,115.687,-19.2721,-22.4161,29.0078,7.12502,4.00701,-0.934308,-5.96354e-16,-1.98785e-15,-31.3354,-26.163,102.211,133.088,42.9821,-14.8902,7.26611,7.12502,11.2706,36.9433,-58.8318,-6.59342,16.5427,86.72,-14.153,1.63211,-16.7743,3.15234,0.12895,-26.4191,30.6661,4.53863,-9.59417,-32.7188
-0.294667,16.6191,11.7373,15.5987,-1.23371,6.59842,12.3034,-2.47651,-5.61835,0.586287,-3.97727,1.33483,-5.7995,-1.78392,5.2477,-23.3626,-3.46136,-8.75582,4.61356,-3.04343,8.56433,5.35856,-1.01252,3.82813,-6.7388e-14,5.56597e-15,-79.1068,2.26047,-81.9127,116.708,-18.2276,-22.1786,29.3035,7.12502,4.23626,-0.634124,-6.7388e-14,5.56597e-15,-32.1856,-27.229,101.706,135.44,44.0683,-13.3048,7.3887,7.12502,12.7994,36.9763,-59.5859,-5.45597,16.6775,82.3457,-13.9625,0.655654,-16.3663,6.18181,-1.32117,-26.9241,27.124,15.1846,-7.83681,-29.3649
-0.300626,16.6734,12.3964,15.4854,-2.44565,6.16669,11.3907,-2.38236,-5.41467,0.736677,-3.76244,1.51385,-5.15794,-1.71261,5.22408,-23.3717,-3.34123,-8.8384,4.39641,-2.83567,8.44696,5.27019,-0.922694,3.82565,6.12257e-14,-5.56597e-15,-79.6093,2.41877,-81.7457,117.442,-16.5416,-22.8619,28.6415,7.12502,3.57645,-1.30828,6.12257e-14,-5.56597e-15,-32.6912,-28.3771,100.971,137.141,46.1302,-12.1697,5.18038,7.12502,13.8934,34.6963,-59.9635,-4.49937,17.1602,77.6552,-14.0152,-0.0582091,-16.6792,9.05647,-3.97137,-27.7205,23.7604,25.6752,-4.14743,-25.9392
-0.294527,16.722,13.048,15.4832,-3.61907,5.91204,11.1183,-2.25409,-5.17514,0.399302,-3.54969,1.64314,-5.3958,-1.59625,5.19283,-23.1721,-3.29911,-9.08843,4.51597,-2.725,8.40084,5.27061,-0.881994,3.86368,4.1546e-14,2.62396e-14,-80.4194,2.67859,-81.3771,117.987,-14.3797,-26.7141,25.1632,7.12502,-0.143997,-4.81652,4.1546e-14,2.62396e-14,-34.2759,-28.9993,100.712,138.157,48.7147,-12.9899,5.04241,7.12502,13.1029,34.6108,-60.0898,-3.89136,17.5011,72.7317,-14.0627,-0.172146,-18.4147,11.5903,-7.26968,-29.1656,21.0367,30.4994,-2.48025,-23.1897
-0.283994,16.7678,13.6972,15.2559,-4.69494,5.92692,11.0624,-2.11445,-5.03308,0.272558,-3.34623,1.65425,-5.53133,-1.49199,5.09728,-23.3466,-3.28891,-9.16308,4.71129,-2.65182,8.11942,5.34594,-0.866668,3.79273,-4.45278e-14,1.66979e-14,-80.5613,2.88729,-81.1565,118.286,-12.8163,-21.8694,33.0349,7.12502,4.53489,3.1034,-4.45278e-14,1.66979e-14,-35.5416,-28.9356,99.9741,138.165,51.8684,-13.2247,4.85419,7.12502,12.8766,34.437,-59.6266,-3.51418,17.5722,67.6706,-14.5438,0.0599503,-20.3452,13.7664,-9.64457,-30.91,19.6086,33.5146,-5.28839,-19.1714
-0.275964,16.8096,14.3351,14.8656,-5.96643,6.13021,11.2176,-1.89253,-5.15281,0.199361,-3.08049,1.58731,-5.72615,-1.34994,5.06749,-23.424,-3.29224,-9.26478,4.85966,-2.59573,7.85423,5.39448,-0.861533,3.72899,-1.15295e-14,6.36111e-15,-80.4684,3.18145,-81.2007,118.576,-11.8971,-24.0814,30.2632,7.12502,2.3987,0.296975,-1.15295e-14,6.36111e-15,-36.9111,-28.1599,98.9819,137.365,55.4344,-13.3418,5.22978,7.12502,12.7637,34.8196,-58.7568,-3.05746,17.4806,62.6692,-14.5325,0.664345,-19.3033,15.1771,-10.6505,-32.7154,19.6312,35.5241,-7.93409,-7.32928
-0.260151,16.835,14.9502,14.2764,-7.0745,6.36434,11.7197,-1.64273,-5.11019,0.0887612,-2.778,1.47365,-6.17078,-1.18479,4.9074,-23.2848,-3.3463,-9.45372,5.04239,-2.60312,7.60495,5.42905,-0.892564,3.67702,2.22639e-14,2.78299e-14,-80.353,3.41252,-81.3248,118.897,-11.5209,-22.0948,30.8901,7.12502,4.31718,0.954142,2.22639e-14,2.78299e-14,-38.5418,-27.0472,98.0759,135.744,58.3401,-14.7332,7.55214,7.12502,11.4221,37.221,-57.5551,-3.10159,17.688,57.9254,-14.5063,1.18051,-20.7391,15.9483,-10.6257,-34.2071,21.037,35.6718,-8.71817,2.13839
-0.23517,16.8467,15.5584,13.4955,-8.03908,6.88452,12.2954,-1.41898,-5.16247,0.136549,-2.53139,1.2526,-6.48121,-1.05485,4.68831,-23.4443,-3.42191,-9.43061,5.25326,-2.64769,7.13611,5.51295,-0.949519,3.51461,-2.8625e-14,-2.38542e-14,-79.6076,3.45963,-81.619,118.741,-11.4048,-31.2498,12.3562,7.12502,-4.52437,-17.5755,-2.8625e-14,-2.38542e-14,-39.9711,-25.6624,97.1201,133.326,60.2767,-16.5546,9.26081,7.12502,9.66509,39.0191,-56.3901,-3.88471,18.01,53.6832,-14.0663,2.10178,-22.998,16.2753,-10.0888,-35.7644,23.728,35.2667,-9.70512,3.80952
-0.212519,16.858,16.1682,12.7617,-8.99801,7.37457,12.5749,-1.20613,-5.19849,0.455998,-2.27831,1.00331,-6.33546,-0.945609,4.40368,-23.9416,-3.4904,-9.30938,5.20419,-2.67355,6.68927,5.56092,-0.987135,3.34438,4.05521e-14,-7.95139e-15,-78.0133,3.52914,-82.0761,118.241,-11.592,-23.7026,32.0854,7.12502,2.76461,2.12353,4.05521e-14,-7.95139e-15,-40.6471,-24.1587,95.6707,130.091,61.6688,-19.6479,10.5454,7.12502,6.67975,40.4201,-55.3428,-4.76041,18.4632,50.0179,-13.7095,3.43699,-24.6589,15.9952,-9.20516,-37.0283,27.3465,35.2723,-10.1215,0.815942
-0.200197,16.8668,16.7767,12.133,-9.84239,7.55264,12.6176,-0.946465,-4.95156,0.913756,-1.90319,0.811802,-5.92788,-0.794791,3.98711,-24.2746,-3.65671,-9.26477,4.78862,-2.82902,6.38669,5.48006,-1.07869,3.21727,-1.94809e-14,3.18055e-15,-76.1351,3.52442,-82.9943,117.104,-13.5266,-21.8128,31.9416,7.12502,4.5895,2.01128,-1.94809e-14,3.18055e-15,-40.7912,-22.8988,94.0768,126.291,62.8439,-23.6046,11.9347,7.12502,2.8592,41.8953,-54.2529,-5.54284,19.2753,47.0256,-13.786,4.60128,-25.204,15.1517,-7.99455,-37.6076,31.5505,35.9146,-9.91093,-1.55226
-0.193728,16.8704,17.3734,11.5886,-10.3055,7.67898,12.8728,-0.767144,-4.66978,1.22027,-1.63605,0.751743,-5.78152,-0.682321,3.72041,-24.3917,-3.84945,-9.2922,4.32616,-3.01001,6.01114,5.35273,-1.19288,3.07534,-3.97569e-14,1.59028e-15,-74.1762,3.7232,-83.8474,116.077,-14.9751,-21.3948,31.8936,7.12502,4.99318,1.97245,-3.97569e-14,1.59028e-15,-40.9001,-21.5686,92.7198,122.069,64.3777,-27.0486,16.3688,7.12502,-0.467005,46.348,-53.1457,-6.63695,20.2068,44.6805,-13.5532,5.79582,-22.3143,13.798,-6.741,-37.8048,36.4082,37.3237,-10.2328,2.20522
-0.186884,16.8728,17.973,11.1446,-10.4768,7.46037,13.0243,-0.678877,-4.04325,1.52804,-1.42644,0.833816,-5.5726,-0.604703,3.41502,-24.1943,-4.09103,-9.46199,3.6183,-3.26109,5.81966,5.11236,-1.33108,3.01034,5.1684e-15,2.06736e-14,-71.9838,3.95095,-84.3491,114.925,-15.4899,-21.3185,31.5984,7.12502,5.06679,1.67898,5.1684e-15,2.06736e-14,-40.9435,-20.2274,91.4997,117.621,66.5281,-29.5321,25.2983,7.12502,-2.86557,55.2588,-51.8957,-8.19203,21.6526,42.8711,-13.0391,6.825,-18.7261,12.0786,-5.47841,-37.4142,41.8276,38.6988,-10.3447,8.86714
-0.18696,16.8825,18.5817,10.6883,-10.489,6.84701,13.0818,-0.618327,-3.10783,1.88506,-1.19908,1.05314,-5.26123,-0.523608,3.07308,-23.7403,-4.28911,-9.54812,2.8259,-3.49746,5.53539,4.80443,-1.46896,2.90756,1.19271e-15,-7.15625e-15,-69.5367,4.18301,-84.5758,114.265,-14.6204,-21.8702,29.6603,7.12502,4.53412,-0.271202,1.19271e-15,-7.15625e-15,-41.0534,-18.8685,90.5089,112.854,68.7427,-32.478,22.709,7.12502,-5.7102,52.612,-50.336,-9.82233,23.4768,41.544,-12.5116,6.62231,-19.1038,10.1529,-4.19981,-36.4273,47.5156,38.9742,-10.4309,7.12827
-0.20384,16.8919,19.1939,10.1623,-10.3413,5.84214,13.434,-0.605189,-2.02031,2.17576,-1.01003,1.48506,-5.1742,-0.453054,2.88333,-23.3663,-4.35996,-9.55801,2.21469,-3.57196,5.07877,4.54928,-1.53738,2.75709,3.93594e-14,-8.74653e-15,-67.1823,4.83415,-85.0703,113.127,-14.4389,-22.0118,28.4982,7.12502,4.39735,-1.43619,3.93594e-14,-8.74653e-15,-41.3671,-17.5062,89.7419,107.935,70.5276,-32.7157,18.1896,7.12502,-5.9397,48.0863,-48.4384,-11.1805,25.4503,40.6604,-11.8349,5.27729,-20.0046,8.10717,-2.90843,-34.8293,53.3232,39.9031,-10.8994,6.84818
-0.218672,16.8882,19.8115,9.2893,-10.4002,4.94988,14.2903,-0.540067,-1.0633,2.41715,-0.772561,1.83142,-5.41351,-0.350442,2.6785,-23.0433,-4.36699,-9.51037,1.8462,-3.58737,4.6902,4.37629,-1.57109,2.62662,4.17448e-14,9.54166e-15,-65.0014,5.62408,-85.7017,111.85,-14.3966,-22.5409,27.6973,7.12502,3.88643,-2.24696,4.17448e-14,9.54166e-15,-41.8343,-16.2116,88.9993,103.071,72.8141,-36.7081,25.2302,7.12502,-9.793,54.9825,-46.0865,-12.1206,26.7634,40.2263,-10.8707,4.03404,-18.2714,6.21629,-1.24206,-33.2508,59.2157,39.1644,-10.7962,4.23037
-0.234508,16.8626,20.423,8.14145,-10.934,4.30947,15.2446,-0.320174,-0.432339,2.82947,-0.380377,1.99619,-5.52305,-0.171535,2.43151,-22.6652,-4.40175,-9.36317,1.27976,-3.6801,4.38313,4.13904,-1.63309,2.50134,3.93594e-14,2.38542e-15,-62.5279,6.31628,-86.2608,110.551,-13.6155,-23.3792,26.8441,7.12502,3.07694,-3.11348,3.93594e-14,2.38542e-15,-41.9294,-15.0216,88.0454,98.4768,76.0881,-37.8643,23.9824,7.12502,-10.9083,53.6791,-43.745,-12.5335,27.4098,40.5786,-9.66623,3.78075,-11.9938,4.56752,0.932184,-31.8785,64.9924,37.8947,-9.30053,3.73504
-0.270433,16.829,20.9924,7.81771,-11.0031,3.83659,15.6337,-0.184233,-0.160847,3.00599,-0.145796,2.20478,-5.55847,-0.0615312,2.45568,-22.3043,-4.45682,-9.38855,0.789559,-3.77039,4.28598,3.93672,-1.68148,2.47128,1.39149e-14,-2.38542e-15,-59.8088,7.25534,-86.9864,108.868,-14.3389,-23.1692,26.2738,7.12502,3.27966,-3.68075,1.39149e-14,-2.38542e-15,-41.6747,-14.0431,87.1298,93.2157,77.5723,-36.9686,22.4901,7.12502,-10.0444,52.2304,-42.9149,-12.6137,28.0288,41.9143,-8.40679,2.80471,-4.44052,1.60635,2.60825,-30.2552,70.8842,36.6222,-7.07431,4.91717
-0.307847,16.7827,21.5664,7.42031,-11.0271,3.66765,16.1011,-0.0849711,-0.198585,2.99349,-0.00745979,2.34905,-5.83221,0.00959442,2.60865,-21.7792,-4.38536,-9.47961,0.685274,-3.69912,4.22228,3.82482,-1.6545,2.47829,-1.70955e-14,-1.11319e-14,-57.4653,8.48317,-87.7664,107.241,-15.1044,-22.7713,25.6445,7.12502,3.66391,-4.30374,-1.70955e-14,-1.11319e-14,-41.7294,-13.0473,86.3343,88.0199,77.8917,-37.8867,24.6952,7.12502,-10.93,54.3907,-41.7801,-12.3701,27.918,44.1531,-7.87707,0.812698,5.00875,-1.35736,4.11125,-28.9781,76.5023,34.1378,-5.29431,2.98381
-0.33827,16.7097,22.1377,6.96493,-11.3249,3.63557,16.625,0.0601197,-0.326842,2.92951,0.168041,2.36027,-6.19405,0.100736,2.6633,-21.447,-4.33951,-9.39827,0.834717,-3.68952,4.16758,3.82153,-1.65765,2.45156,-3.18055e-15,1.90833e-14,-55.3023,9.77463,-88.7081,105.618,-15.8266,-22.2772,25.0022,7.12502,4.14111,-4.93732,-3.18055e-15,1.90833e-14,-41.9571,-12.0242,85.5524,82.7954,76.0352,-38.6765,26.0781,7.12502,-11.6917,55.7318,-40.1811,-11.6157,27.2123,46.8441,-10.3131,-4.62564,1.63201,-4.02496,5.67584,-28.119,81.6677,31.0348,-4.83803,-1.5121
-0.385304,16.6257,22.7071,6.73886,-12.1259,3.34503,16.8169,0.443497,-0.49801,3.03348,0.639669,2.36528,-6.21187,0.332176,2.66426,-21.7237,-4.39159,-9.16648,1.12258,-3.79324,4.18524,3.95518,-1.70672,2.40601,3.89618e-14,-2.06736e-14,-52.598,10.9526,-89.6671,104.013,-16.8135,-21.5086,24.4781,7.12502,4.88324,-5.44558,3.89618e-14,-2.06736e-14,-41.9594,-10.9736,84.6275,77.8764,72.104,-38.2147,24.5761,7.12502,-11.2464,54.2546,-38.8976,-9.83293,26.7138,49.4431,-12.8828,-5.65742,2.59562,-6.82536,7.78314,-26.8129,86.3348,27.7797,-4.93668,-6.22071
-0.441871,16.5514,23.2815,6.67607,-12.4043,2.56711,16.8655,0.663186,-0.0755811,3.19228,1.00514,2.4718,-6.0818,0.500011,2.45685,-22.1835,-4.40898,-8.84644,1.47173,-3.85939,4.20576,4.13059,-1.73413,2.34898,7.55382e-15,-8.74653e-15,-49.6387,12.2179,-90.5369,102.727,-17.6037,-21.2704,23.7564,7.12502,5.11329,-6.16193,7.55382e-15,-8.74653e-15,-41.8643,-10.0393,83.6214,73.4648,66.8842,-38.1248,23.8798,7.12502,-11.1596,53.5631,-37.3537,-7.90625,26.7469,51.4439,-15.0754,-7.97872,1.46147,-9.83567,9.59356,-24.6414,90.6088,25.5252,-4.60382,-4.05959
-0.493026,16.4823,23.8585,6.41472,-12.2511,1.81134,17.2749,0.713972,0.508387,3.27047,1.19081,2.6448,-6.22034,0.579978,2.26724,-22.2415,-4.41637,-8.90834,1.55275,-3.86538,4.43042,4.17195,-1.72269,2.42874,-2.62396e-14,-1.27222e-14,-46.7362,13.8701,-91.2627,101.604,-18.0334,-21.6051,23.3844,7.12502,4.79012,-6.54146,-2.62396e-14,-1.27222e-14,-42.1478,-9.2506,82.8515,69.4484,61.0133,-39.1399,25.4161,7.12502,-12.1386,55.0439,-34.8247,-6.27093,26.7598,52.3512,-17.061,-11.0566,-0.189654,-12.6671,10.8103,-22.5469,94.3199,23.4875,-3.75298,-1.44166
-0.537764,16.4193,24.4367,6.15234,-12.2632,0.752402,17.8643,0.732882,1.33233,3.31264,1.39714,2.91532,-6.489,0.664802,2.03894,-22.4276,-4.33618,-8.84107,1.76507,-3.76168,4.43277,4.2582,-1.67065,2.42688,-2.14687e-14,1.43125e-14,-43.8349,15.9979,-91.9677,100.72,-18.028,-22.2169,23.2531,7.12502,4.1993,-6.68524,-2.14687e-14,1.43125e-14,-42.8249,-8.4411,82.0978,66.123,55.6905,-39.4102,27.707,7.12502,-12.3992,57.3193,-31.6855,-4.70159,27.1638,52.7184,-19.0198,-13.5502,-2.74713,-15.4051,12.1176,-20.2044,97.6148,21.3564,-3.47481,2.30594
-0.584004,16.4007,25.0287,6.23765,-12.2171,-0.395721,17.8585,0.711952,2.32342,3.5736,1.55903,3.18699,-6.19106,0.726074,1.72955,-23.1488,-4.29462,-8.67874,1.89796,-3.67009,4.26234,4.38997,-1.62896,2.34928,-2.42517e-14,-1.74931e-14,-40.5279,18.2711,-92.4455,100.621,-17.9969,-22.3879,23.1398,7.12502,4.03423,-6.80177,-2.42517e-14,-1.74931e-14,-43.2896,-7.89135,81.401,63.574,52.4014,-38.937,29.1586,7.12502,-11.9429,58.798,-28.9589,-3.98873,28.0862,52.0071,-17.8195,-17.3308,-17.7115,-18.5685,13.4333,-17.8737,100.291,19.2017,-3.73217,5.17295
-0.62698,16.3344,25.589,6.57221,-11.9227,-1.49165,17.7204,0.672334,3.23225,3.76063,1.67829,3.51741,-5.90124,0.772551,1.54217,-23.6113,-4.31383,-8.80619,1.56022,-3.61955,4.34564,4.34835,-1.59094,2.39913,-1.19271e-14,7.95139e-15,-37.4694,20.5147,-92.6029,101.462,-18.2845,-21.9381,23.4761,7.12502,4.46857,-6.45679,-1.19271e-14,7.95139e-15,-44.2977,-7.65203,80.9706,62.2094,51.5537,-37.828,27.5538,7.12502,-10.8733,57.2523,-26.0771,-3.01495,28.7034,51.5516,-21.1156,-17.5628,-10.8463,-22.6983,14.4315,-15.8146,103.024,17.8312,-4.41546,3.95799
-0.661899,16.2995,26.1528,6.80298,-11.1764,-2.10982,18.0411,0.48223,3.85205,3.59655,1.5872,3.72168,-6.23828,0.714805,1.42907,-23.6399,-4.24775,-8.87247,1.15993,-3.51456,4.45221,4.22226,-1.52737,2.45694,3.97569e-15,5.00937e-14,-35.1932,22.6502,-92.7781,103.02,-18.8465,-20.9602,23.9905,7.12502,5.41274,-5.92041,3.97569e-15,5.00937e-14,-46.2875,-7.25086,80.4838,63.8039,53.7753,-38.5343,34.4872,7.12502,-11.5546,64.1486,-24.096,-3.40015,29.3078,50.5449,-19.1178,-21.2374,-20.8335,-26.9946,14.6322,-14.7248,105.077,16.4556,-4.5204,0.672715
-0.685571,16.2886,26.7281,7.14268,-10.2087,-2.21664,17.9849,0.220743,4.23652,3.36142,1.33034,3.7236,-6.45228,0.580459,1.27396,-23.6196,-4.15839,-8.93406,0.856097,-3.39249,4.64965,4.12132,-1.45066,2.54477,1.51076e-14,2.06736e-14,-33.158,24.5847,-92.9582,104.967,-19.4718,-20.0528,24.4484,7.12502,6.28885,-5.43823,1.51076e-14,2.06736e-14,-48.7176,-7.711,80.7216,64.4767,56.4828,-37.509,22.4443,7.12502,-10.5656,52.1587,-21.8104,-4.20351,29.0966,49.8009,-20.6372,-21.7559,-22.7604,-31.3045,14.1811,-14.7904,106.224,14.8651,-3.77194,-1.79962
-0.706365,16.2337,27.3006,7.57607,-9.83259,-1.88899,17.405,0.278764,3.99312,3.24186,1.32394,3.60874,-6.27027,0.584605,1.29149,-23.3467,-4.172,-9.00409,0.279958,-3.41863,4.78693,3.90732,-1.45128,2.60196,-2.50469e-14,-3.97569e-14,-31.1828,26.2138,-92.9835,107.101,-19.9278,-19.2811,24.4942,7.12502,7.03378,-5.36889,-2.50469e-14,-3.97569e-14,-50.9357,-7.94162,80.7651,67.1282,59.4764,-38.4899,24.42,7.12502,-11.5118,54.0839,-18.6061,-4.11295,28.0877,48.7925,-24.5126,-20.3321,-19.6432,-35.6894,14.0566,-15.6485,106.958,13.4305,-3.14023,-2.40875
-0.74668,16.2525,27.9223,8.0033,-10.2529,-1.96907,16.8221,0.744767,3.73938,3.08251,1.86323,3.61506,-6.13104,0.853516,1.32679,-22.7242,-4.26994,-8.99787,-0.269109,-3.59275,4.6953,3.6566,-1.54328,2.562,-2.50469e-14,-3.89618e-14,-29.8587,27.2644,-92.9917,109.625,-19.9311,-18.3387,24.5388,7.12502,7.94343,-5.2919,-2.50469e-14,-3.89618e-14,-53.3104,-8.4386,81.0853,69.6137,60.6649,-38.186,24.1927,7.12502,-11.2187,53.8727,-16.5239,-3.94372,27.7094,47.4319,-22.1585,-22.7104,-29.3594,-38.9635,14.879,-15.8748,106.598,11.3647,-2.97969,-1.76324
-0.783607,16.2387,28.5112,8.23253,-10.9466,-2.08403,16.7894,1.3918,3.34087,2.87055,2.6536,3.61809,-6.35755,1.2424,1.38275,-22.5277,-4.42601,-9.00752,-0.341366,-3.8092,4.67429,3.61997,-1.65169,2.53736,-2.78299e-14,9.54166e-15,-28.8858,27.8127,-92.9707,112.585,-19.8309,-17.0768,24.6151,7.12502,9.16119,-5.16589,-2.78299e-14,9.54166e-15,-55.5451,-9.15418,81.5004,72.1096,60.1339,-37.1095,23.6496,7.12502,-10.1802,53.3833,-12.8993,-2.53643,27.0022,45.8436,-25.6518,-19.8891,-23.0806,-42.0568,15.9043,-16.0545,105.973,8.88194,-3.01091,-2.79475
-0.803154,16.2382,29.0862,8.39568,-11.0582,-2.34094,17.1075,1.79378,3.39714,2.63207,3.22761,3.66124,-6.78883,1.51313,1.25992,-22.8235,-4.53919,-9.05562,0.091516,-3.91939,4.6755,3.80508,-1.70607,2.52841,2.22639e-14,-1.11319e-14,-28.0759,28.1824,-92.8656,115.785,-19.8492,-16.1743,24.731,7.12502,10.032,-5.00991,2.22639e-14,-1.11319e-14,-57.5399,-9.71977,81.9446,74.5855,58.1812,-35.9302,22.441,7.12502,-9.04242,52.2271,-9.55994,-1.77555,26.7273,43.7141,-25.1437,-19.1651,-25.4182,-45.1849,16.2119,-16.1674,104.795,7.18752,-3.00819,-4.08196
-0.795232,16.2843,29.7139,8.74246,-10.7718,-2.14177,16.8452,2.00935,3.74036,2.33918,3.55753,3.40289,-6.92288,1.65915,0.721506,-23.285,-4.69599,-9.03924,0.814359,-4.09465,4.70695,4.10963,-1.79113,2.50828,2.90226e-14,4.77083e-14,-27.5419,28.286,-93.0567,118.86,-20.2044,-15.5503,25.4919,7.12502,10.6339,-4.21902,2.90226e-14,4.77083e-14,-59.4273,-10.4518,82.3588,76.7683,55.4052,-34.3884,21.7769,7.12502,-7.55443,51.622,-6.31316,-1.81715,25.751,41.4097,-23.7681,-17.6736,-26.2848,-47.9871,15.4124,-17.1945,102.689,5.95859,-2.24139,-5.93269
-0.776171,16.3576,30.379,9.32582,-10.6597,-2.00068,16.0965,2.28522,4.38376,1.97037,3.98333,3.0249,-6.83182,1.84539,-0.11084,-23.4275,-4.91483,-9.02658,1.4749,-4.38819,4.80671,4.36101,-1.93225,2.50065,5.56597e-15,4.77083e-15,-27.2276,28.2261,-93.3032,121.704,-20.7859,-15.1176,26.4088,7.12502,11.0514,-3.2803,5.56597e-15,4.77083e-15,-61.3291,-11.302,82.7656,78.8272,52.0234,-32.5793,23.0155,7.12502,-5.80802,52.9159,-3.24253,-2.03466,24.6402,38.8527,-21.7819,-15.6442,-26.7995,-50.3831,14.6271,-18.2529,99.8943,4.97005,-1.18272,-7.06091
-0.767904,16.4074,31.0261,9.94658,-10.6921,-2.61337,15.4288,2.62011,5.50397,1.57516,4.57901,2.81571,-6.76569,2.09991,-1.05551,-23.0686,-5.0931,-9.09196,1.93571,-4.67326,5.11543,4.48708,-2.05943,2.5794,3.06128e-14,-1.74931e-14,-27.024,28.1137,-93.5697,124.266,-21.1807,-14.7192,27.3256,7.12502,11.4356,-2.3425,3.06128e-14,-1.74931e-14,-63.2672,-11.9785,83.0811,80.9509,48.1907,-31.2786,22.9042,7.12502,-4.55218,52.8353,-0.247621,-1.71246,24.5354,36.1697,-19.0438,-13.8762,-28.3344,-52.6917,14.4187,-18.239,97.0061,3.96733,-0.587412,-8.32977
-0.766516,16.4508,31.6666,10.5295,-10.313,-3.27765,14.9624,2.80409,6.62966,1.02903,4.9999,2.67119,-6.96482,2.2552,-1.90351,-22.4819,-5.20516,-9.06858,2.31488,-4.91483,5.37719,4.54896,-2.17,2.63727,9.14409e-15,-7.23576e-14,-27.0662,28.1587,-93.8635,126.52,-21.3824,-15.2091,28.327,7.12502,10.9631,-1.36678,9.14409e-15,-7.23576e-14,-65.295,-12.3866,83.3941,82.7711,44.8119,-30.8839,19.7671,7.12502,-4.17101,49.706,2.72349,-1.51173,24.6558,33.3458,-15.8507,-11.8496,-29.2273,-54.8619,13.8243,-17.9848,93.7945,2.63361,-0.0178057,-8.65859
-0.769703,16.5221,32.319,11.0717,-9.44876,-3.42474,14.4008,2.84946,7.28209,0.550148,5.13868,2.48401,-7.08439,2.28741,-2.46799,-22.3874,-5.35854,-8.9865,2.81108,-5.1711,5.49788,4.71323,-2.29019,2.6323,2.94201e-14,1.11319e-14,-27.0058,28.1321,-94.0931,128.406,-21.5208,-15.9377,29.2847,7.12502,10.2602,-0.445085,2.94201e-14,1.11319e-14,-66.9538,-12.5846,83.7501,84.1057,42.27,-30.3294,16.8349,7.12502,-3.6356,46.7837,5.56557,-1.79418,24.2987,30.3589,-12.3024,-9.54114,-30.7162,-56.5794,12.365,-18.0338,89.8523,1.59234,0.529871,-7.189
-0.768873,16.6137,33.006,11.5373,-8.89784,-3.53,13.3961,2.99952,7.81927,0.45577,5.31992,2.35098,-6.54647,2.38062,-2.87032,-22.751,-5.5508,-8.96572,3.14361,-5.40687,5.53099,4.8885,-2.3986,2.60574,-1.55052e-14,2.22639e-14,-26.4974,28.2566,-93.9484,129.871,-20.8872,-16.4747,29.2769,7.12502,9.74214,-0.477743,-1.55052e-14,2.22639e-14,-67.9395,-12.4346,84.1671,85.2631,40.8136,-29.3581,15.3355,7.12502,-2.69759,45.2982,8.3873,-1.75627,23.7183,27.2812,-6.98478,-6.88302,-29.43,-57.5741,11.1046,-18.0652,85.3193,0.921989,0.859928,-5.19567
-0.757356,16.6991,33.7439,11.7188,-9.10928,-3.05354,12.1031,3.354,7.63203,0.503165,5.61231,2.08056,-5.73084,2.56686,-2.99946,-22.8391,-5.63361,-8.95687,3.39707,-5.51556,5.52553,4.98927,-2.45152,2.58694,-7.15625e-14,-4.77083e-15,-26.3767,28.5846,-93.9448,130.849,-19.4786,-17.0567,28.7065,7.12502,9.18062,-1.0737,-7.15625e-14,-4.77083e-15,-68.7953,-11.9251,84.6046,86.0062,40.4113,-28.5205,14.771,7.12502,-1.88866,44.7424,11.4395,-1.14649,22.1373,24.0999,0.00409338,-4.31957,-27.1506,-57.5672,10.3563,-18.9108,80.3885,-0.310686,1.01561,-4.41331
-0.759373,16.7543,34.437,12.0226,-8.19602,-2.50067,11.1174,3.3233,7.3751,0.181084,5.46227,1.96963,-5.54888,2.50377,-2.8921,-22.5798,-5.66209,-9.04448,3.78904,-5.55159,5.41019,5.0775,-2.48537,2.55978,1.47101e-14,7.95139e-15,-26.8442,28.6151,-94.0093,131.658,-18.532,-16.975,28.4937,7.12502,9.25948,-1.28296,1.47101e-14,7.95139e-15,-69.862,-11.2848,85.1925,86.5361,41.125,-27.5436,14.936,7.12502,-0.945066,44.9137,14.1952,-0.59046,21.2385,21.0508,8.68535,-3.66801,-24.8973,-57.695,8.83981,-19.6483,75.2377,-1.68381,0.506094,-5.91755
-0.763344,16.7968,35.1284,12.2217,-7.172,-2.26741,10.3995,3.25615,7.52884,-0.248626,5.34884,1.85114,-5.58842,2.43401,-3.04948,-22.4668,-5.71491,-9.12338,4.6705,-5.64115,5.46896,5.35426,-2.53364,2.57563,3.18055e-14,0,-27.7124,27.8973,-94.1939,132.314,-18.12,-16.1736,29.2031,7.12502,10.0327,-0.537803,3.18055e-14,0,-70.9331,-10.7242,85.6235,87.06,42.4155,-26.7042,14.9676,7.12502,-0.13443,44.9473,16.7471,0.775875,21.1831,18.7563,17.0065,-4.01841,-27.407,-57.3494,7.49616,-19.947,69.8791,-2.91269,-0.370018,-8.44915
-0.77922,16.8671,35.8049,12.1901,-6.32322,-1.9429,10.165,3.21456,7.30564,-0.571598,5.26379,1.77213,-5.82019,2.38246,-2.99464,-22.3397,-5.75146,-9.21295,5.28977,-5.70742,5.57624,5.54587,-2.5655,2.614,6.67916e-14,4.77083e-15,-28.8245,27.7151,-94.5443,132.672,-17.8323,-16.6949,28.7155,7.12502,9.52975,-1.04901,6.67916e-14,4.77083e-15,-71.6558,-9.91478,85.9016,87.578,43.5052,-25.7194,15.2135,7.12502,0.816794,45.1917,18.6896,3.21008,21.7258,18.0246,23.5342,-4.0954,-18.1534,-56.4964,6.27284,-20.203,64.1858,-3.28866,-1.43937,-10.2755
-0.804247,16.9471,36.4555,11.9899,-5.49188,-1.55291,10.454,3.14461,6.82679,-0.807924,5.15321,1.73009,-6.28292,2.31949,-2.79121,-22.2394,-5.81384,-9.39263,5.70148,-5.78543,5.76589,5.68124,-2.59691,2.69298,6.55989e-15,3.18055e-15,-29.7591,27.7163,-94.8137,132.482,-16.8274,-17.855,28.1049,7.12502,8.41029,-1.70766,6.55989e-15,3.18055e-15,-71.9169,-9.05301,86.102,87.9257,44.3355,-24.6003,17.2827,7.12502,1.89762,47.254,19.8703,6.14947,22.872,19.1821,28.3049,-2.48087,-8.93288,-55.3006,5.05814,-20.4007,58.3756,-2.75124,-2.586,-11.5798
-0.827596,16.9972,37.1033,11.8131,-4.42908,-1.24553,10.6011,2.9751,6.57447,-0.918722,4.91411,1.6854,-6.52285,2.19915,-2.68,-22.2464,-5.97525,-9.59917,5.90294,-5.97724,6.00238,5.77624,-2.6772,2.77724,-3.22031e-14,-1.66979e-14,-30.4173,27.5572,-94.9087,132.067,-16.8814,-18.5047,27.2391,7.12502,7.78324,-2.59762,-3.22031e-14,-1.66979e-14,-71.703,-8.19154,86.1963,87.9149,45.1322,-23.1569,15.7825,7.12502,3.29162,45.7369,20.1669,8.24784,24.1638,22.3782,30.6998,1.05734,4.47472,-54.0693,3.88651,-20.6419,52.8032,-1.46524,-4.12371,-12.3787
-0.843247,17.0169,37.7587,11.6764,-3.3869,-1.52241,10.3041,2.77871,6.99148,-0.767677,4.67499,1.76838,-6.19005,2.08564,-2.7643,-22.5483,-6.14785,-9.61245,6.04144,-6.19064,6.11109,5.88703,-2.76733,2.78275,9.93923e-15,7.15625e-15,-30.6052,27.1149,-94.6387,131.356,-17.9852,-18.0741,26.9252,7.12502,8.19881,-2.89569,9.93923e-15,7.15625e-15,-70.8597,-7.18166,86.1723,87.879,45.8212,-21.6753,12.9367,7.12502,4.72231,42.8641,19.6293,9.4693,25.7573,27.345,28.955,5.10341,7.84781,-52.877,3.14997,-20.5343,47.8444,0.0847859,-5.74144,-11.996
-0.861372,17.0361,38.4075,11.4263,-2.66653,-1.90773,10.1822,2.67129,7.32479,-0.524989,4.55459,1.91896,-5.86193,2.03641,-2.75798,-22.9602,-6.29589,-9.72357,6.16543,-6.33815,6.27334,6.00987,-2.82114,2.82733,-3.02153e-14,-9.54166e-15,-30.8682,26.6215,-94.3078,130.271,-18.7305,-17.7005,26.6669,7.12502,8.55935,-3.13964,-3.02153e-14,-9.54166e-15,-69.9806,-6.21219,86.3381,88.1232,46.0439,-21.6692,13.6869,7.12502,4.72817,43.6141,18.6242,10.336,27.2356,33.3275,27.8538,8.17972,13.1497,-51.5495,2.90252,-20.5298,43.7305,1.30072,-6.85725,-10.7707
-0.945708,17.0465,39.0474,10.1314,-2.90967,-2.67869,11.4244,2.85689,6.78541,-0.0758952,4.84604,2.37286,-6.13974,2.19786,-2.09,-23.066,-6.2729,-9.61648,6.10717,-6.32514,6.27212,6.00257,-2.80964,2.81076,-3.4191e-14,7.95139e-15,-31.639,26.1999,-94.3362,129.054,-19.2005,-17.4793,25.893,7.12502,8.77285,-3.90466,-3.4191e-14,7.95139e-15,-69.0897,-5.25065,86.5178,87.9103,45.5967,-21.4628,14.7111,7.12502,4.9275,44.6338,18.3524,12.0284,29.9205,39.9364,27.8205,8.01745,17.2101,-49.1356,3.79675,-19.8839,40.588,1.96609,-6.89035,-10.9452
-0.983999,17.0333,39.638,9.50245,-1.61368,-3.00537,12.3549,2.47935,6.83448,0.0318411,4.45012,2.65228,-6.60091,1.99032,-1.81422,-23.2689,-6.28556,-9.64678,6.09206,-6.32352,6.36653,6.03252,-2.79768,2.84376,3.97569e-15,9.54166e-15,-32.601,25.6484,-94.34,127.567,-19.4774,-17.392,25.3754,7.12502,8.85707,-4.41868,3.97569e-15,9.54166e-15,-68.0331,-4.30189,86.8197,87.4558,44.9708,-20.5229,13.7053,7.12502,5.83501,43.605,16.9938,11.2101,31.3454,46.8248,27.759,6.55769,17.0018,-47.7463,3.52303,-20.1207,38.3634,2.73332,-6.61973,-12.4834
-1.0166,17.021,40.2536,9.11987,-0.814785,-2.61183,12.8352,2.31688,6.11874,0.091653,4.17271,2.67353,-6.87903,1.87058,-1.37318,-23.2968,-6.31573,-9.75925,5.9432,-6.34917,6.57915,6.00248,-2.79384,2.92823,1.17283e-14,-2.22639e-14,-33.6458,24.8336,-94.2801,125.719,-19.7923,-17.0824,25.0249,7.12502,9.15585,-4.75635,1.17283e-14,-2.22639e-14,-66.9824,-3.63525,87.169,87.3055,44.631,-19.878,12.6283,7.12502,6.45756,42.5098,15.2893,10.3216,31.5022,53.8556,28.012,3.89657,11.8109,-46.4396,2.94208,-20.9395,36.9205,3.37447,-5.81763,-14.1014
-1.04696,17.005,40.8892,8.94357,0.105665,-1.76943,12.5225,2.12816,5.08321,0.337353,3.7214,2.49894,-6.51903,1.69724,-0.883207,-22.8321,-6.39322,-9.78901,5.19233,-6.50487,6.92502,5.71862,-2.84797,3.03749,3.08116e-14,-1.51076e-14,-34.5351,23.8681,-94.2434,123.675,-20.0629,-16.8294,24.5894,7.12502,9.39993,-5.18097,3.08116e-14,-1.51076e-14,-65.4549,-3.19894,87.4949,87.1528,44.5945,-19.5805,12.6456,7.12502,6.7448,42.5181,13.2506,8.88219,30.7795,60.8158,29.2234,0.631393,8.14667,-45.2793,2.60529,-22.4886,36.2682,3.93031,-6.22476,-10.8978
-1.0801,16.9839,41.5342,8.68419,1.02344,-0.976551,12.1218,1.95658,4.05544,0.80879,3.29,2.33984,-5.85966,1.53564,-0.378179,-22.7925,-6.58043,-9.75,4.48127,-6.77995,7.27668,5.52066,-2.95173,3.11663,-5.36719e-15,-1.11319e-14,-35.1714,22.7574,-94.0696,121.531,-20.1983,-16.5688,24.1825,7.12502,9.65142,-5.57638,-5.36719e-15,-1.11319e-14,-63.3319,-3.03604,87.9097,86.9637,44.8594,-19.4821,13.3652,7.12502,6.83977,43.2347,10.9055,7.06117,29.7978,67.7344,31.1147,-1.97247,13.4479,-43.993,2.66071,-24.0935,36.3553,3.59962,-7.83999,-3.25888
-1.1205,16.9512,42.1612,8.22951,1.77099,-0.453382,12.408,1.78438,3.18207,1.14457,2.93533,2.20428,-5.71099,1.38767,0.0224429,-22.8942,-6.60315,-9.46648,4.10355,-6.88092,7.4348,5.42131,-2.98016,3.11241,1.68967e-14,7.15625e-15,-35.9769,21.6907,-94.1859,119.078,-20.0858,-16.7668,23.8775,7.12502,9.4604,-5.89017,1.68967e-14,7.15625e-15,-61.3881,-2.94078,88.1969,87.0365,45.3267,-18.8772,13.6862,7.12502,7.42368,43.5359,8.35849,4.99455,28.8587,74.5627,30.5386,-3.21273,8.53064,-42.4827,3.00267,-25.2543,37.1852,1.7832,-9.22752,1.32441
-1.14916,16.9069,42.7916,8.09929,2.03121,0.35775,12.3896,1.82324,2.06557,1.41578,2.80819,1.93611,-5.45592,1.35309,0.393864,-23.1268,-6.71047,-9.31174,3.8859,-7.05166,7.59017,5.40189,-3.04304,3.11535,-5.64548e-14,8.74653e-15,-36.623,20.453,-94.1287,116.413,-19.973,-16.9111,23.6867,7.12502,9.32115,-6.08727,-5.64548e-14,8.74653e-15,-59.338,-3.14392,88.6218,87.1166,45.6921,-17.7646,12.7471,7.12502,8.49749,42.5561,5.45536,3.02941,27.0191,81.2216,29.966,-3.82563,26.1159,-40.866,3.59036,-26.618,38.3568,-0.373002,-8.73379,3.05742
-1.1375,16.8394,43.4007,6.2504,3.76572,1.77646,14.5511,1.22385,1.45333,1.85293,1.94597,1.44291,-6.19625,0.932626,0.322231,-23.0888,-6.77245,-9.17578,3.89918,-7.19498,7.74551,5.41574,-3.09911,3.12685,1.33186e-14,-7.15625e-15,-37.7908,19.0815,-94.2923,113.7,-19.5383,-17.229,23.555,7.12502,9.01439,-6.23244,1.33186e-14,-7.15625e-15,-57.4536,-3.58687,89.1614,87.1835,46.0748,-17.6258,13.1665,7.12502,8.63143,42.97,4.70524,-0.896066,23.9078,87.2879,28.5281,-3.70988,26.1159,-37.3711,2.85687,-28.2991,40.4255,-3.06128,-7.57084,3.28339
