10.4194,16.7048,-30.1003,-2.48972,-9.82194,-3.00914,7.86573,1.57272,6.3571,52.7793,16.1777,1.96704,29.9133,11.5302,-15.9687,0.925564,4.33359,-28.0191,-1.02078,-20.1783,22.3977,-12.1104,13.478,-10.2227
10.4117,16.684,-29.9168,-2.69729,-10.0082,-2.83243,7.44596,1.65374,6.09331,52.9653,17.2048,2.06921,29.6756,11.2385,-15.6726,0.950482,2.11338,-27.7269,-0.953135,-20.5822,22.4395,-12.3785,13.6867,-8.45391
10.4037,16.6749,-29.7319,-2.73684,-10.1104,-2.67905,7.31519,1.74924,5.93159,52.3578,17.7116,2.03566,29.3786,11.6107,-15.695,1.22609,0.922151,-27.6281,-0.810148,-21.0041,22.6869,-12.2625,13.6748,-9.11447
10.3951,16.6696,-29.54,-2.6529,-10.1914,-2.43014,7.19363,1.82368,5.74365,51.6464,18.2149,2.09324,28.9948,11.7512,-15.3617,1.42214,0.396563,-27.6637,-0.391122,-21.6105,23.2309,-11.8145,13.2795,-11.1406
10.3841,16.6488,-29.3447,-2.50765,-10.3526,-2.46894,6.93084,1.85711,5.71898,51.5698,18.5238,2.05559,28.8937,12.2574,-15.0286,1.70983,-0.597689,-27.6786,-0.161279,-21.8039,24.1117,-11.5185,12.8466,-11.8881
10.3736,16.6153,-29.1487,-2.27833,-10.4567,-2.74192,6.39393,1.89875,5.83274,51.8639,18.7716,1.97435,29.0445,12.8488,-15.001,1.96046,-2.66505,-27.737,-0.266955,-21.6658,25.1808,-11.2938,12.5502,-10.5823
10.3599,16.5715,-28.9534,-2.2599,-10.3619,-2.59234,6.0578,1.87772,5.45535,51.9187,19.3145,2.03164,28.8841,13.2441,-15.2026,1.8636,-5.73873,-27.7804,-0.346391,-22.0273,26.364,-10.3924,12.4866,-10.2688
10.3458,16.5643,-28.7542,-2.36002,-10.2713,-2.44292,5.94446,1.79342,4.97885,52.0782,19.7277,2.06085,28.7127,13.9784,-15.0329,1.75063,-8.99435,-27.7763,-0.479807,-22.3193,27.6883,-9.30166,13.1214,-11.1841
10.3343,16.5753,-28.5503,-2.28592,-10.2581,-2.54086,5.87195,1.73346,5.11106,52.5445,19.9706,2.02266,28.6945,14.6633,-14.231,1.88766,-11.8154,-27.9258,-0.751252,-22.2513,29.0729,-8.74962,14.2092,-10.7542
10.323,16.5366,-28.3523,-2.23404,-10.2098,-2.46793,5.65422,1.7393,4.99464,52.7581,20.2443,2.00486,28.5326,15.5901,-13.7856,1.94695,-15.0767,-28.1653,-1.09442,-22.327,30.3575,-8.43111,15.001,-8.05829
10.3113,16.4997,-28.1612,-2.38897,-10.1522,-2.38425,5.69251,1.74104,4.85984,52.3548,20.654,1.76938,28.3617,16.9931,-13.6701,1.75689,-19.9638,-28.1914,-1.14051,-22.458,31.6336,-8.26969,14.9866,-3.29597
10.296,16.5225,-27.9723,-2.45678,-10.0637,-2.62042,5.77311,1.73311,4.96082,51.9039,19.9049,2.00137,28.5691,19.183,-12.4956,2.24959,-17.4671,-28.031,-0.865269,-22.3005,32.7282,-8.18919,14.3282,1.08808
10.2812,16.5332,-27.7894,-2.33861,-9.80673,-2.70045,5.60711,1.65368,4.87884,52.5042,18.9127,1.91993,28.515,21.72,-11.405,2.64816,-18.8452,-28.0007,-0.715941,-22.3575,33.5756,-8.01088,13.4488,3.26039
10.2653,16.5408,-27.6087,-2.37794,-9.47526,-2.00127,5.47096,1.58356,4.10241,53.5947,17.7478,1.74726,27.5953,24.7832,-10.6926,3.0188,-21.3214,-27.7673,-0.722927,-23.2709,34.181,-7.96696,12.6847,4.13725
10.2471,16.5388,-27.4292,-2.57416,-9.35085,-1.05682,5.57659,1.64752,3.08759,53.7607,16.7005,1.79325,26.4355,27.9131,-9.52492,3.45135,-23.0206,-27.3797,-0.546801,-24.4309,34.7738,-8.25455,12.1527,5.06689
10.2351,16.5316,-27.2485,-2.74737,-9.28235,-0.623118,5.65335,1.66132,2.58291,52.7238,15.7124,1.78298,25.7415,30.8981,-7.46614,4.03586,-24.7717,-26.9492,-0.427832,-25.0387,35.36,-8.66092,11.8686,5.48688
10.2264,16.5416,-27.0655,-2.77736,-9.12624,-0.553813,5.52656,1.58751,2.51064,51.9865,14.5209,1.64198,25.3496,33.6611,-4.81812,4.5746,-25.3536,-26.5916,-0.534902,-25.247,35.9695,-9.00507,11.7654,5.58897
10.2174,16.5687,-26.8842,-2.65485,-9.1461,-0.674536,5.33207,1.55657,2.70627,52.2048,13.1363,1.7222,25.1718,36.322,-2.03097,4.96652,-25.3019,-26.3208,-0.471223,-25.2333,36.5153,-9.23423,11.6437,5.95827
10.2116,16.595,-26.7066,-2.64375,-9.47236,-0.906176,5.35971,1.59829,2.95251,52.211,11.8255,2.18092,25.1794,39.0073,0.970365,5.24151,-26.2188,-25.8179,-0.188503,-25.0714,36.8614,-9.48037,11.4488,6.7712
10.2079,16.6059,-26.532,-2.76211,-9.71522,-0.831247,5.50538,1.66041,2.93481,52.1708,10.5421,2.73802,24.9329,41.7647,4.00122,5.37432,-28.8772,-25.0736,-0.212494,-25.2099,36.9829,-10.1491,11.4734,8.24508
10.2053,16.6108,-26.3646,-2.87346,-9.75401,-0.483466,5.52006,1.67179,2.7017,52.317,9.16722,3.17685,24.3989,44.5987,6.86027,5.32986,-31.3544,-24.2638,-0.506674,-25.6603,36.9165,-11.1636,11.7608,8.18009
10.2009,16.6294,-26.2013,-2.98547,-9.89509,-0.18855,5.64796,1.68973,2.39825,52.4922,7.66378,3.56329,23.8797,47.4777,9.76937,5.04672,-32.2426,-23.4027,-0.425521,-26.073,36.6925,-11.8866,11.6926,7.3666
10.1959,16.6544,-26.0379,-3.06559,-9.97429,0.0240451,5.80185,1.66057,2.12962,52.4517,6.06439,3.82906,23.444,50.3529,12.4521,4.39519,-32.747,-22.5252,-0.312266,-26.399,36.3381,-12.2452,11.4164,7.85444
10.191,16.6758,-25.8812,-3.12009,-9.85684,0.424268,5.86355,1.54267,1.71906,51.7591,4.42558,4.03313,22.8688,53.2019,14.456,3.25013,-33.8301,-21.7124,-0.382305,-26.9344,35.9175,-12.5158,11.313,8.38674
10.1836,16.693,-25.7312,-3.27414,-9.67182,1.29586,6.00092,1.4254,0.857163,51.1535,2.7889,4.25044,21.8315,56.0081,15.3701,1.42992,-34.0435,-20.9134,-0.392911,-27.9778,35.514,-12.8177,11.2125,8.59077
10.1755,16.7062,-25.5801,-3.50789,-9.55608,1.96007,6.13681,1.35635,0.171234,50.4918,1.24403,4.36926,20.9999,58.6577,15.2925,-0.888256,-31.9282,-19.9924,-0.409026,-28.7856,35.1374,-13.128,11.1528,8.39805
10.167,16.72,-25.4265,-3.59078,-9.52366,1.95526,6.13958,1.32708,0.126083,49.7217,-0.336515,4.39736,20.9068,61.0581,14.836,-2.86159,-30.0059,-19.1309,-0.378735,-28.8507,34.7486,-13.3144,11.067,8.06739
10.1591,16.7399,-25.271,-3.55415,-9.22929,1.95711,6.07036,1.22885,0.0788909,49.5674,-1.96718,4.23943,20.836,63.2027,13.95,-4.53643,-28.9311,-18.3886,-0.585167,-28.9383,34.366,-13.6006,10.8912,8.13226
10.1524,16.7688,-25.1155,-3.63399,-8.85992,2.24419,6.05477,1.0978,-0.289542,49.6587,-3.47355,4.0613,20.451,65.0947,12.5519,-6.32922,-26.9925,-17.5266,-0.747072,-29.3503,34.0141,-14.1513,10.5942,8.4844
10.1456,16.7963,-24.9598,-3.77834,-8.78159,2.43781,6.12439,1.06112,-0.571197,50.7346,-4.87486,4.16769,20.1579,66.7582,10.8353,-8.07272,-24.0768,-16.5848,-0.526746,-29.6479,33.6404,-14.5666,10.358,8.42831
10.1408,16.8155,-24.8004,-3.89459,-8.72858,2.31061,6.28997,1.04874,-0.443491,51.8225,-6.15562,4.2728,20.2255,68.1551,9.31862,-9.60946,-21.5562,-15.632,-0.467182,-29.6308,33.2531,-14.6998,10.4677,6.82678
10.1398,16.8395,-24.6379,-3.91816,-8.70242,2.08631,6.19782,1.02718,-0.107148,50.8556,-7.4927,4.36558,20.3757,69.3336,7.85513,-10.9648,-19.8715,-14.7187,-0.542261,-29.5344,32.8259,-14.8375,10.7508,4.81515
10.143,16.8659,-24.476,-3.83093,-8.64215,2.06736,5.90499,0.975261,0.0507279,49.9845,-9.02305,4.56089,20.2604,70.3693,5.97209,-12.3378,-17.3773,-13.9304,-0.584382,-29.6451,32.3332,-15.1445,10.8904,4.5426
10.1435,16.8841,-24.3128,-3.91945,-8.1217,2.52972,5.85621,0.78181,-0.377551,50.8451,-10.3495,4.41657,19.6179,71.2193,4.45248,-13.6285,-14.5613,-12.9915,-0.808511,-30.2997,31.8227,-15.365,10.8423,4.63439
10.1362,16.9006,-24.152,-4.09677,-7.34104,2.74254,5.89104,0.510346,-0.711074,51.8739,-11.4217,4.05738,19.3102,71.8847,3.11688,-14.6202,-13.1064,-11.9244,-1.17344,-30.6848,31.3537,-15.4835,10.7246,3.79381
10.1272,16.9077,-24.0001,-4.09685,-6.76747,2.17635,5.88926,0.301506,-0.293584,53.0709,-12.5852,4.03455,19.9041,72.3604,1.51218,-15.583,-12.9406,-11.0337,-1.47769,-30.2032,30.9771,-15.739,10.6157,2.23461
10.1189,16.9031,-23.8577,-3.95601,-6.2612,1.94277,5.83541,0.154059,-0.184058,53.5156,-14.04,4.16587,20.0896,72.7023,0.0640253,-16.6706,-11.6838,-10.4436,-1.79585,-30.0735,30.6972,-16.0306,10.5974,0.707499
10.1085,16.9174,-23.7213,-3.81417,-5.65836,2.06556,5.8347,0.0504522,-0.425194,52.7843,-15.5909,4.20733,19.9007,72.8764,-1.35899,-17.8173,-9.49219,-9.98161,-2.32537,-30.2858,30.4892,-16.4791,10.5348,1.1191
10.1004,16.949,-23.5702,-3.769,-5.08714,1.92672,5.87967,-0.0220035,-0.279418,53.4967,-16.8086,4.35999,19.9959,72.7628,-2.95199,-18.5525,-8.44852,-9.33472,-2.83074,-30.2156,30.2536,-17.0173,10.4169,2.16527
10.0925,16.9674,-23.411,-3.79725,-4.57712,1.82217,5.95774,-0.138707,-0.264828,55.0609,-17.7807,4.68982,20.0093,72.4479,-4.21103,-18.6411,-8.85955,-8.59688,-3.0678,-30.197,29.9965,-17.1633,10.3185,2.13495
10.0814,16.9567,-23.264,-3.90931,-4.06501,2.17412,6.12596,-0.256508,-0.858031,53.8467,-18.7053,4.94894,19.5092,72.021,-5.04642,-18.5943,-10.5896,-7.85173,-3.15246,-30.6564,29.7779,-17.0744,10.047,2.10419
10.0722,16.9381,-23.1167,-3.87195,-3.56529,2.54337,6.03787,-0.315829,-1.3091,51.0189,-19.8065,5.19409,18.9431,71.4213,-5.86462,-18.4847,-11.9691,-7.25211,-3.26304,-31.1284,29.6359,-17.221,9.7365,2.1636
10.0642,16.944,-22.9606,-3.77215,-3.16461,2.29397,5.90096,-0.408563,-1.07188,50.8817,-20.9112,5.75374,19.0346,70.5346,-6.81737,-18.1222,-12.164,-6.65008,-3.44469,-30.9144,29.5147,-17.5995,9.58067,2.00423
10.0568,16.9529,-22.8034,-3.83262,-2.82469,1.94033,5.95154,-0.535664,-0.792477,51.561,-21.7378,6.41209,19.2365,69.4167,-8.05418,-17.5085,-13.0337,-5.83829,-3.72837,-30.6084,29.3535,-18.0752,9.54502,2.31959
10.052,16.9511,-22.6492,-3.90673,-2.46997,2.02581,6.00438,-0.583539,-0.962145,51.4342,-22.4897,6.92858,18.9286,68.1321,-8.93183,-16.9775,-14.7498,-5.05804,-3.9549,-30.7963,29.2243,-18.5084,9.46682,2.26209
10.0411,16.9483,-22.4947,-4.01543,-2.1086,2.11452,6.09449,-0.607947,-1.20596,51.5509,-23.1187,7.50527,18.6548,66.6764,-9.17611,-16.7193,-15.1596,-4.27272,-3.99542,-30.9362,29.1209,-18.8876,9.26146,1.08725
10.0216,16.9413,-22.3361,-4.08841,-1.76374,1.86314,6.14284,-0.700561,-1.17352,51.9166,-23.6599,8.14733,18.7923,65.0495,-9.6581,-16.4608,-15.1498,-3.44107,-4.05346,-30.657,28.8799,-19.1829,9.01161,0.822497
10.0064,16.9329,-22.1816,-3.97529,-1.38644,1.87429,6.01295,-0.792835,-1.36985,52.0419,-24.3838,8.61153,18.5183,63.2614,-10.5078,-15.9149,-15.5579,-2.76422,-4.1371,-30.6691,28.4749,-19.3781,8.60632,1.89284
9.99755,16.9415,-22.031,-3.79733,-1.00188,2.2401,5.93197,-0.85225,-1.90253,51.5027,-25.2233,8.99146,17.7559,61.3119,-11.1575,-15.0955,-15.2378,-2.11063,-4.27794,-31.1004,27.9561,-19.5646,8.40891,1.50086
9.98757,16.9555,-21.8738,-3.75449,-0.660422,2.34142,6.08363,-0.922854,-2.14349,51.3314,-25.8511,9.44726,17.3396,59.2061,-11.6624,-14.404,-14.4583,-1.18799,-4.44423,-31.2338,27.2556,-19.5862,8.41491,0.119253
9.97702,16.959,-21.7161,-3.69342,-0.210424,2.17431,6.17809,-1.04908,-2.10793,50.7557,-26.3055,9.84302,17.2287,56.9533,-12.1128,-14.17,-12.573,-0.222295,-4.54209,-31.0345,26.4245,-19.3614,8.18814,-0.224986
9.96821,16.9609,-21.5641,-3.39193,0.24691,2.40613,5.94928,-1.1832,-2.46096,49.324,-27.0078,10.2095,16.5747,54.5592,-12.3208,-14.0856,-12.1029,0.398198,-4.58905,-31.2503,25.6242,-19.0882,7.94722,-0.2648
9.95875,16.9581,-21.4062,-3.12282,0.555952,2.93081,5.60239,-1.24541,-3.02751,48.6375,-27.6582,10.6776,15.5882,52.0077,-12.3621,-13.9089,-14.715,1.06223,-4.49799,-31.7731,24.7799,-18.9009,7.76984,-0.691317
9.94797,16.9622,-21.236,-3.11886,0.827437,2.8965,5.48676,-1.29347,-3.02659,48.9628,-27.7974,11.231,15.3281,49.2781,-12.3211,-13.9355,-17.4791,2.15206,-4.44259,-31.6953,23.8212,-18.7187,7.50471,-0.793847
9.93724,16.9803,-21.0672,-3.1432,1.10282,2.78199,5.51786,-1.3886,-3.03123,49.5046,-27.856,11.6724,15.1818,46.4496,-12.4496,-14.0175,-17.9002,3.27838,-4.52453,-31.5319,22.8357,-18.5383,7.19614,-0.372539
9.92805,16.991,-20.9046,-3.03239,1.39299,2.90603,5.48623,-1.49347,-3.21373,48.4347,-28.1009,11.9327,14.7389,43.6122,-12.442,-14.0283,-16.2974,4.24418,-4.55088,-31.6153,21.8308,-18.3368,6.88408,-0.569303
9.92081,16.9871,-20.7412,-2.89655,1.74177,3.0285,5.44281,-1.57718,-3.33777,48.1513,-28.2936,12.0813,14.3153,40.8483,-12.2223,-13.971,-15.3145,5.19867,-4.53593,-31.6973,20.8402,-18.097,6.54001,-1.2558
9.9135,16.9782,-20.5784,-2.90421,2.14299,3.23856,5.56906,-1.68902,-3.63911,48.5423,-28.2146,11.9879,13.923,38.165,-12.2191,-13.7657,-15.3342,6.2625,-4.57655,-31.8948,19.9697,-17.8998,6.23744,-1.87882
9.9065,16.9769,-20.4156,-2.94447,2.41979,3.0633,5.72368,-1.80437,-3.48759,47.644,-28.1676,11.8245,14.0696,35.6084,-12.3785,-13.6413,-15.7887,7.36795,-4.54609,-31.666,19.0996,-17.6725,5.95096,-2.41522
9.9008,16.9849,-20.2479,-2.84633,2.58438,2.64621,5.62358,-1.83509,-2.95941,45.6425,-28.3934,11.6297,14.505,33.2928,-12.7791,-13.3364,-15.8308,8.38892,-4.41014,-31.1233,18.0605,-17.4139,5.72522,-2.85901
9.8951,16.9851,-20.0786,-2.71991,2.84376,2.62663,5.42431,-1.83227,-2.85704,45.2503,-28.5378,11.0141,14.5967,31.0913,-13.2591,-12.4921,-14.4305,9.43577,-4.31456,-31.0292,16.9299,-17.2207,5.67235,-5.0474
9.89132,16.9736,-19.908,-2.73197,3.15073,2.70474,5.38174,-1.87674,-2.88796,46.3209,-28.4818,9.95706,14.7785,29.1303,-13.4321,-11.5985,-14.2897,10.6918,-4.16957,-31.0509,15.7591,-16.8997,5.50792,-7.27511
9.88998,16.9758,-19.7309,-2.86274,3.37962,2.40654,5.39012,-1.98638,-2.52791,46.839,-28.3752,8.75444,15.5205,27.5961,-13.4207,-10.7546,-15.7295,12.1505,-3.94123,-30.6435,14.345,-16.2135,5.32904,-7.75971
9.88396,16.9761,-19.5553,-2.86581,3.6381,2.40948,5.28458,-2.10303,-2.52902,46.6189,-28.5143,7.54574,15.9037,26.4072,-13.5689,-9.54976,-16.1018,13.4721,-3.89872,-30.6028,12.8723,-15.4805,5.33084,-8.69367
9.87399,16.9719,-19.3855,-2.77787,4.00004,2.74242,5.25574,-2.18964,-2.90989,46.5564,-28.7765,6.21903,15.9275,25.467,-13.8378,-8.1516,-16.0892,14.6775,-4.04527,-30.935,11.516,-14.7577,5.25788,-10.1771
9.86326,16.9698,-19.2133,-2.73497,4.20568,2.65984,5.29934,-2.21316,-2.84968,46.6086,-29.0812,5.10358,16.4518,24.9364,-14.1515,-7.0619,-15.8036,15.8815,-4.13006,-30.8254,10.2927,-13.9637,5.32087,-11.6966
9.85121,16.9684,-19.0331,-2.52551,4.24228,2.60888,5.05107,-2.1783,-2.84476,46.3886,-29.5242,4.49384,16.8417,24.6682,-14.726,-6.53259,-15.2883,16.8159,-4.09029,-30.7106,9.27689,-13.3286,5.43883,-12.5267
9.83593,16.9528,-18.8478,-2.21698,4.45736,2.8769,4.66969,-2.23733,-3.2404,46.1814,-29.8433,4.19006,16.7257,24.3969,-15.1593,-6.74108,-14.6292,17.2307,-4.23198,-30.9011,9.11272,-13.1119,5.39382,-12.0276
9.81647,16.925,-18.6677,-2.16659,4.68413,3.09183,4.68229,-2.31061,-3.55103,46.0539,-29.7433,4.16633,16.6321,24.1827,-15.0023,-7.49624,-13.4143,17.4912,-4.34023,-31.0563,9.68904,-13.0648,5.38225,-11.7842
9.79981,16.9011,-18.489,-2.32491,4.64741,2.76153,4.85608,-2.30877,-3.24975,46.1655,-29.4033,4.39661,17.1714,24.1984,-14.5387,-8.40829,-13.217,17.8706,-4.19122,-30.6288,10.4633,-13.1727,5.22142,-11.2972
9.78618,16.8888,-18.3031,-2.44431,4.63632,2.2934,4.84242,-2.35225,-2.87877,46.1129,-29.0443,4.80996,17.7632,24.4044,-13.9434,-9.48303,-13.914,18.2193,-4.34862,-30.1081,11.4226,-13.4704,5.06006,-9.44287
9.76663,16.8767,-18.1131,-2.59864,4.74629,2.47873,4.99132,-2.38331,-3.26232,45.7458,-28.6031,5.43568,17.5336,24.841,-13.5594,-10.5548,-13.1775,18.3947,-4.20488,-30.1587,12.7974,-13.8201,4.71666,-9.26728
9.74724,16.8547,-17.9179,-2.67697,4.73883,2.64745,5.02391,-2.40439,-3.55278,45.8259,-28.2991,6.11789,17.3618,25.5793,-13.1652,-11.3535,-10.3179,18.5645,-3.99963,-30.1974,13.9709,-13.9655,4.37105,-10.3471
9.73256,16.8187,-17.7182,-2.593,4.73086,2.32793,4.69878,-2.49762,-3.16268,46.2408,-28.3178,6.44897,17.8533,26.6973,-12.1493,-11.8991,-9.48607,18.8116,-4.14817,-29.8195,14.7344,-13.8348,4.1338,-10.7101
9.71739,16.8005,-17.5182,-2.50282,4.84824,2.35827,4.51825,-2.57181,-3.10336,46.8329,-28.3853,6.53383,18.0195,27.9175,-10.7524,-12.6281,-11.488,19.0405,-4.28888,-29.7814,15.4358,-13.528,3.94922,-12.0577
9.70459,16.7901,-17.3149,-2.51178,4.88382,2.79321,4.43404,-2.59347,-3.51391,45.7044,-28.4286,6.67377,17.7066,29.1291,-9.64798,-13.5817,-11.8143,19.3263,-4.29719,-30.2256,16.2613,-12.9889,4.02854,-15.019
9.69635,16.7857,-17.1041,-2.64186,4.78079,2.97729,4.2016,-2.59018,-3.62934,45.1733,-28.23,6.70648,17.6973,30.1534,-8.71162,-13.9007,-11.6207,19.7504,-4.2217,-30.4432,17.1383,-12.2549,4.34534,-18.7109
9.68509,16.7841,-16.896,-2.77449,4.58143,2.88554,4.10688,-2.53468,-3.45158,44.9478,-27.9727,6.85032,17.9916,30.9606,-7.72728,-13.5032,-11.3395,19.8281,-3.9442,-30.251,18.4908,-11.6213,4.42045,-21.7771
9.67192,16.7889,-16.6944,-3.04721,4.35313,1.99902,4.33591,-2.48652,-2.50607,44.3596,-27.558,7.04802,19.169,31.5501,-7.2136,-12.8421,-9.45048,19.6744,-3.604,-29.1312,20.4629,-11.138,4.23132,-23.3694
9.66633,16.7886,-16.4928,-3.35848,4.19919,0.93584,4.46026,-2.51435,-1.3874,43.9946,-26.9307,6.77614,20.6188,32.0754,-7.25853,-11.8368,-7.06499,19.4527,-3.37427,-27.8566,22.7904,-10.6624,3.85544,-21.8046
9.66588,16.7833,-16.2931,-3.53312,4.04648,0.436171,4.30687,-2.55534,-0.742235,45.0658,-26.3667,6.49646,21.4327,32.7494,-7.70145,-11.1618,-5.17354,19.023,-3.10389,-27.1663,25.1758,-9.77668,3.39077,-18.4012
9.66438,16.7861,-16.0935,-3.68613,3.74614,0.0795299,4.16292,-2.51364,-0.206906,46.4259,-25.9358,6.67658,22.0418,33.5977,-8.21445,-11.1499,-3.68246,18.4642,-2.66154,-26.5598,27.576,-8.27747,3.14312,-18.4366
9.66025,16.7926,-15.8951,-3.90039,3.37816,0.282076,4.28987,-2.38042,-0.399599,46.966,-25.4761,7.07439,22.0446,34.4529,-8.38247,-11.2658,-1.99296,17.8607,-2.14017,-26.5856,30.053,-6.33014,3.14558,-21.7993
9.64702,16.7965,-15.7074,-4.08637,3.11977,0.452501,4.465,-2.26951,-0.655561,46.9179,-24.9264,7.56647,22.085,35.1361,-8.80402,-11.3283,-0.708407,17.0379,-1.56728,-26.4066,32.6428,-4.17675,2.7819,-23.1228
9.62626,16.8049,-15.5261,-4.15011,3.01815,-0.155061,4.48426,-2.25558,-0.131383,46.9851,-24.4135,7.81877,22.9951,35.6741,-9.68699,-11.1851,-0.822071,15.9357,-1.19552,-25.2394,35.3453,-1.72127,2.22673,-22.3472
9.6095,16.8229,-15.3408,-4.12541,3.06347,-0.78923,4.35629,-2.29837,0.524732,47.8421,-23.9451,7.4997,23.9406,36.0959,-10.4307,-10.8087,-0.980823,14.6605,-1.09736,-24.1381,38.1299,1.0638,1.958,-22.8527
9.59603,16.8363,-15.1582,-3.90706,3.20153,-0.757792,3.96475,-2.33604,0.531766,48.3634,-23.6594,7.24774,24.082,36.4342,-11.0684,-10.6945,-0.14082,13.094,-1.07343,-23.8385,40.9323,3.93859,1.82719,-24.8846
9.58144,16.8366,-14.9914,-3.75028,3.31092,-0.530448,3.86788,-2.34152,0.205026,48.4537,-23.3193,7.35628,23.9859,36.7136,-11.7677,-10.8619,0.651501,11.5063,-1.01074,-23.7914,43.7537,6.48191,1.23363,-29.5634
9.56538,16.8499,-14.8327,-3.90736,3.30206,-0.524711,4.28473,-2.28317,0.0376132,49.4535,-22.5382,7.37155,24.1866,36.8766,-12.6203,-10.705,1.4202,10.142,-0.914165,-23.5236,46.6498,9.00843,1.0416,-30.7474
9.5494,16.8911,-14.6687,-4.04634,3.28379,-0.697483,4.60283,-2.21567,0.119407,50.5914,-21.6221,7.10647,24.5877,36.8351,-13.4432,-10.2881,2.50155,8.54086,-0.923795,-23.0723,49.6646,12.1699,2.95166,-24.5973
9.53675,16.9286,-14.5041,-3.97663,3.40307,-0.984316,4.66471,-2.23761,0.408979,50.7238,-20.8987,6.57139,25.0767,36.5564,-13.9517,-10.0017,3.2233,6.54088,-0.913698,-22.5119,52.7373,14.9746,4.16481,-23.7415
9.52693,16.946,-14.3452,-3.87238,3.58566,-1.21321,4.66207,-2.27245,0.66341,51.1356,-20.2121,5.96004,25.4686,36.1346,-14.3274,-9.77663,3.09275,4.50309,-0.80021,-22.0451,55.7542,16.7469,4.03976,-27.4394
9.51932,16.9619,-14.1917,-3.92326,3.61288,-1.62009,4.76711,-2.21779,1.1592,51.9749,-19.3451,5.46684,26.0616,35.6874,-14.5771,-9.48978,2.67205,2.71483,-0.545517,-21.4033,58.5725,17.288,5.75769,-25.6997
9.51164,16.98,-14.0423,-4.04473,3.44191,-2.07319,5.02885,-2.12714,1.68066,52.6093,-18.4048,5.07431,26.7143,35.2683,-14.6768,-9.12005,2.49898,1.0825,-0.0642193,-20.7178,61.113,16.6279,8.08212,-22.4811
9.50412,16.9964,-13.8907,-4.1713,3.21197,-2.20966,5.22205,-2.03372,1.82617,52.6395,-17.4565,4.71795,26.9986,34.8774,-14.9467,-8.64437,2.37681,-0.453843,0.487708,-20.4237,63.3399,15.38,9.78697,-20.8765
9.49973,17.0205,-13.736,-4.26307,3.09525,-2.18056,5.24541,-1.9573,1.86455,51.9677,-16.567,4.34713,27.0685,34.536,-15.3609,-8.21254,1.65524,-2.00098,0.790769,-20.4076,65.2443,13.6996,11.548,-18.9155
9.49713,17.0463,-13.5835,-4.29445,2.99345,-2.10236,5.30295,-1.86862,1.89403,52.1223,-15.7656,4.13429,27.0873,34.2287,-15.6642,-7.97317,0.293983,-3.60835,0.978268,-20.5051,66.9116,11.5938,13.4591,-15.7442
9.49206,17.0663,-13.4319,-4.44516,2.79255,-2.07173,5.4911,-1.73929,1.93383,52.6943,-14.8073,4.16196,27.1806,33.8602,-16.002,-7.80431,-0.00173095,-4.97629,1.29174,-20.5162,68.3811,9.23643,15.0572,-11.8077
9.48084,17.0886,-13.2816,-4.46706,2.54129,-2.14489,5.60484,-1.59275,2.01716,52.4053,-13.9634,4.27334,27.3904,33.4043,-16.2774,-7.63512,0.440995,-6.45407,1.65802,-20.3491,69.7001,7.05561,16.0922,-8.16922
9.46191,17.1086,-13.1364,-4.35104,2.06377,-2.3252,5.68069,-1.40856,2.09961,51.3831,-13.3047,4.54249,27.7872,32.9103,-16.3544,-7.61384,0.0633175,-8.16597,2.24934,-20.0031,70.8802,5.44167,16.6653,-6.53119
9.44773,17.1212,-12.995,-4.39969,1.4715,-2.65444,5.87817,-1.24715,2.38147,50.8363,-12.4772,4.90656,28.3665,32.4238,-16.3662,-7.62526,-0.263879,-9.72875,2.82054,-19.5252,71.8496,3.93178,16.9631,-6.20038
9.4465,17.1343,-12.8475,-4.59255,0.93035,-2.59557,6.12086,-1.09757,2.44573,51.0638,-11.3877,5.19766,28.4461,31.8951,-16.3934,-7.38825,-0.00602228,-10.9554,3.12289,-19.5838,72.4387,2.39932,17.0992,-5.91867
9.44456,17.1491,-12.6952,-4.94255,0.406566,-2.12958,6.45978,-0.931881,2.03413,50.9875,-10.1828,5.53725,28.0944,31.5367,-16.7531,-7.21572,0.309023,-11.8685,3.34976,-20.1001,72.7075,1.43285,17.0806,-5.75201
9.43975,17.1776,-12.5416,-5.1367,-0.0248211,-2.1206,6.65595,-0.79823,2.05354,50.5462,-9.19986,5.77049,28.2293,31.2756,-17.43,-7.09642,1.30788,-12.9498,3.4375,-20.0542,72.7551,0.750091,16.7418,-5.06734
9.43774,17.1722,-12.3912,-5.01122,-0.432288,-2.26793,6.54652,-0.658341,2.3401,49.8683,-8.66243,5.74909,28.4649,31.1036,-18.085,-6.70016,2.80185,-14.491,3.35068,-19.8933,72.7941,-0.217516,16.1235,-5.96414
9.43835,17.1713,-12.2411,-4.83284,-0.869034,-2.29378,6.3398,-0.487694,2.57819,49.2663,-8.18725,5.60427,28.5202,30.9357,-18.5934,-6.17143,3.05802,-16.0117,3.18471,-19.9179,72.6211,-1.09616,15.3602,-8.01879
9.44497,17.1681,-12.0927,-4.74061,-1.30113,-2.55629,6.19656,-0.339393,3.08219,49.5159,-7.70928,5.23019,28.7946,30.9323,-18.9299,-5.5352,2.35446,-17.3645,3.00844,-19.6712,72.3107,-1.9043,14.4615,-8.11281
9.45083,17.1615,-11.943,-4.77159,-1.66473,-2.59581,6.29569,-0.264141,3.26257,50.146,-7.12059,4.85359,28.8427,30.933,-19.0786,-5.03722,1.54883,-18.4966,2.80415,-19.6476,71.7559,-2.71887,13.4791,-6.95594
9.45026,17.1575,-11.7932,-4.72629,-2.18298,-2.23376,6.45435,-0.124118,2.95551,50.2674,-6.64535,4.91723,28.4942,30.9734,-19.4134,-4.77147,0.625488,-19.6588,2.73853,-20.0398,70.9571,-3.36427,12.5058,-7.3019
9.4554,17.1567,-11.648,-4.57381,-2.82335,-2.00261,6.57892,0.0560555,2.88503,50.1458,-6.3232,4.98001,28.2265,31.068,-19.7483,-4.34297,0.0246239,-20.8742,2.73463,-20.2924,69.9651,-4.19798,11.5728,-9.62486
9.46373,17.1466,-11.5036,-4.59027,-3.13208,-2.05037,6.7673,0.105909,3.07902,49.9596,-5.76537,4.81278,28.2586,31.101,-19.9674,-4.0233,-0.198619,-21.8783,2.44663,-20.2147,68.8317,-5.31789,10.6539,-11.0014
9.46104,17.1354,-11.3507,-4.65206,-3.21097,-2.04373,6.82741,0.127886,3.07324,50.411,-5.03111,4.83503,28.3267,30.9461,-20.3436,-4.08938,-0.165389,-22.8165,1.88744,-20.1573,67.5371,-5.99119,9.90986,-12.3382
9.46205,17.133,-11.1946,-4.62551,-3.40149,-2.20319,6.83752,0.204091,3.34386,51.3727,-4.30051,4.9849,28.5498,30.6479,-20.661,-4.02735,0.0780414,-23.7762,1.36663,-19.9146,66.0587,-6.52169,9.3417,-14.358
9.47227,17.1309,-11.0423,-4.64297,-3.75463,-2.60622,7.02564,0.295411,3.90182,51.3998,-3.46869,4.96349,28.9579,30.2518,-20.7154,-3.624,-0.145013,-24.5388,1.10883,-19.3955,64.4056,-7.32984,8.73804,-16.0945
9.47927,17.1284,-10.886,-4.70254,-4.10944,-2.6383,7.22396,0.38847,3.99856,51.0989,-2.53304,4.72307,28.9281,29.715,-20.8406,-3.05737,-0.257178,-25.0677,0.853761,-19.2873,62.5096,-7.97402,8.46778,-17.5033
9.48273,17.1287,-10.7266,-4.70818,-4.46873,-2.49671,7.25302,0.478284,3.93398,51.2634,-1.5741,4.68029,28.7397,29.0283,-21.2283,-2.57701,0.335916,-25.5654,0.535564,-19.3344,60.3591,-8.29824,8.48586,-16.3888
9.48599,17.1383,-10.5716,-4.67382,-4.8676,-2.52753,7.35117,0.570568,4.09531,51.3578,-0.632006,4.97406,28.7904,28.2801,-21.4861,-2.29618,0.965966,-26.0495,0.222467,-19.1343,57.9496,-8.61033,8.55264,-13.7226
9.49054,17.1625,-10.415,-4.62845,-5.19137,-2.46546,7.4602,0.663609,4.18307,51.6322,0.294694,5.07801,28.7074,27.4506,-21.2981,-2.15018,1.22398,-26.4453,-0.127574,-19.0563,55.318,-8.98455,8.88935,-11.706
9.49702,17.177,-10.2545,-4.57483,-5.42558,-2.21049,7.3903,0.739605,4.01078,52.0716,1.28075,4.8797,28.3566,26.4686,-20.901,-1.91498,0.918535,-26.8361,-0.504175,-19.198,52.5732,-9.18408,9.27382,-10.6951
9.5052,17.1772,-10.0934,-4.62423,-5.58912,-2.14512,7.45913,0.768559,4.02418,52.2101,2.46098,4.632,28.1931,25.3926,-20.3824,-1.50196,0.830506,-27.041,-1.01128,-19.0916,49.7752,-9.40825,9.60657,-11.7422
9.51453,17.1818,-9.92888,-4.61911,-5.73506,-2.58742,7.55295,0.76359,4.5837,51.819,3.61695,4.4737,28.5744,24.3476,-19.9529,-1.19686,1.21991,-27.1528,-1.57463,-18.4125,46.9688,-9.69491,10.0378,-13.4383
9.52394,17.187,-9.76114,-4.44179,-5.84749,-3.0977,7.39088,0.779136,5.17487,51.1431,4.58972,4.37765,29.0142,23.3363,-19.8896,-0.899898,1.86556,-27.373,-2.15089,-17.6534,44.1134,-9.82134,10.5006,-13.2643
9.53085,17.195,-9.59597,-4.24481,-6.00488,-3.07507,7.13206,0.842905,5.15433,51.0415,5.48791,4.39657,28.8881,22.296,-19.9055,-0.584107,2.09305,-27.5278,-2.69364,-17.4848,41.2156,-9.89397,11.2384,-12.8876
9.53669,17.2041,-9.43177,-4.0844,-6.23916,-2.641,6.88308,0.935908,4.71894,50.9779,6.43731,4.54985,28.3452,21.1618,-19.7394,-0.381982,1.78084,-27.6044,-3.07709,-17.7793,38.3854,-10.1285,12.1651,-14.3427
9.54171,17.2058,-9.26703,-4.04543,-6.44754,-2.47191,6.86676,0.976556,4.57031,50.8337,7.57075,4.58087,28.118,19.9779,-19.3648,-0.27787,1.17145,-27.6206,-3.48158,-17.7359,35.7207,-10.4381,12.9173,-15.6014
9.54789,17.2091,-9.10113,-3.99637,-6.63438,-2.94248,6.97916,0.928474,5.03799,50.9073,8.7078,4.46981,28.5838,18.8736,-19.0625,-0.328745,-0.676133,-27.6488,-4.17283,-16.891,33.2629,-10.6379,13.7337,-14.5971
9.5588,17.207,-8.93025,-3.91048,-6.84744,-3.318,6.8979,0.936884,5.42258,50.6346,9.76397,4.324,28.8628,17.8517,-18.8234,-0.198037,-2.0054,-27.6411,-4.80413,-16.1755,31.0057,-10.9862,14.5472,-12.1826
9.56951,17.1948,-8.75917,-3.95354,-7.10053,-3.17638,6.87894,1.0194,5.31635,50.7297,10.93,4.13705,28.5149,16.7699,-18.3548,0.322198,-1.2981,-27.4879,-5.0337,-16.1574,28.9694,-11.2873,14.9517,-10.6822
9.579,17.1871,-8.58797,-3.99604,-7.32002,-2.88606,6.94761,1.04123,4.99271,51.223,12.1264,4.10805,28.0653,15.6718,-17.8494,0.689892,-0.9494,-27.3938,-5.25027,-16.3229,27.1887,-11.0803,15.3043,-12.4651
9.58806,17.1919,-8.41314,-4.06029,-7.59182,-2.67207,7.0081,1.09429,4.68529,51.3629,13.3615,4.37276,27.7963,14.6369,-17.483,0.702178,-2.11879,-27.2414,-5.47957,-16.3881,25.6199,-10.7114,15.9023,-16.1187
9.59868,17.1861,-8.23497,-4.21136,-8.01562,-2.82199,7.10507,1.22627,4.87787,51.3327,14.7396,4.53906,27.8547,13.4797,-17.0149,1.01587,-2.93515,-27.0039,-5.40645,-16.1146,24.3974,-11.1371,16.3101,-16.8383
9.61242,17.1702,-8.05305,-4.25999,-8.31696,-2.93033,7.02546,1.30529,5.10358,51.167,16.0984,4.32717,27.7239,12.0037,-16.2504,1.67856,-3.61449,-27.014,-5.37461,-15.925,23.6407,-12.1721,16.2341,-14.7377
9.62218,17.1486,-7.87113,-4.19983,-8.39888,-3.07785,6.9763,1.29024,5.24037,50.9481,17.3574,4.10322,27.7139,10.5958,-15.4248,1.93755,-4.97565,-27.19,-5.5433,-15.6929,23.263,-12.9512,15.9208,-12.6527
9.63278,17.129,-7.68599,-4.18414,-8.57514,-3.57794,7.02067,1.27458,5.68243,51.2662,18.5113,4.15016,28.1983,9.73963,-14.8569,1.84969,-6.55341,-27.1606,-5.54414,-15.133,23.044,-13.0941,15.7497,-12.3479
9.65115,17.1209,-7.49324,-4.18899,-8.72888,-3.71096,6.8766,1.3145,5.9083,52.0319,19.3265,4.23426,28.2301,9.53232,-14.6088,1.88771,-8.3287,-27.0055,-5.35334,-15.1145,22.9357,-12.7051,15.6079,-14.4915
9.66557,17.1124,-7.3002,-4.23819,-8.71838,-3.36687,6.74913,1.33235,5.66281,52.0462,19.8142,4.21097,27.7297,9.92146,-14.5449,2.01962,-9.46307,-26.7434,-5.25747,-15.6495,22.9026,-12.1126,15.4593,-17.1281
9.67399,17.0981,-7.11041,-4.37891,-8.80549,-2.89903,6.77034,1.34277,5.08897,51.6282,20.1872,4.27212,27.1593,10.7293,-14.6869,1.95335,-10.7638,-26.3044,-5.32946,-16.2055,22.9461,-11.45,15.6116,-18.2034
9.68216,17.0854,-6.91671,-4.5515,-8.96925,-2.46287,6.79795,1.42062,4.51773,51.6179,20.5877,4.55095,26.7136,11.5835,-14.7874,1.63017,-12.666,-25.8295,-5.11829,-16.8324,23.2226,-11.0555,15.8767,-17.0334
9.68622,17.0719,-6.71191,-4.54266,-9.17587,-2.50572,6.5441,1.53556,4.4716,51.5268,20.9477,5.07695,26.8907,12.326,-14.6276,1.23179,-13.7016,-25.554,-4.35388,-17.1382,23.8132,-10.8323,16.1433,-14.1745
9.69135,17.0587,-6.49825,-4.31279,-9.34024,-2.85458,5.98167,1.59292,4.68742,51.3681,21.2843,5.37226,27.2716,12.8312,-14.3049,1.11018,-13.5815,-25.5257,-3.352,-17.193,24.6588,-10.1046,16.4106,-12.0758
9.7012,17.0542,-6.2879,-4.22407,-9.42515,-2.96002,5.78838,1.5913,4.59442,51.3975,21.8665,5.47186,27.3238,12.9166,-13.6811,1.03601,-13.7894,-25.4767,-2.43899,-17.5173,25.7394,-8.79116,17.1205,-11.0812
9.71492,17.0561,-6.08219,-4.38661,-9.46228,-2.58557,5.97046,1.6039,4.04827,51.462,22.705,5.7478,26.9652,12.7594,-12.8231,0.778087,-16.0535,-25.3257,-1.8371,-18.2941,26.9478,-7.39005,18.4616,-9.87627
9.73028,17.0549,-5.87,-4.6113,-9.31299,-2.12033,5.92054,1.58908,3.51527,51.5448,23.6442,6.03859,26.5592,12.7288,-11.8956,0.476088,-19.0479,-25.1726,-1.56381,-19.0976,28.134,-6.30865,19.3509,-9.77544
9.73846,17.0562,-5.65619,-4.76379,-9.07097,-2.24082,5.81083,1.55001,3.52712,51.5407,24.2163,6.16116,26.814,13.3646,-10.9318,0.0976763,-21.1562,-25.0742,-1.46074,-19.1676,29.3292,-5.6509,19.1056,-12.1034
9.74327,17.0624,-5.44667,-4.78451,-8.72369,-2.45168,5.63899,1.46313,3.60508,51.5366,24.2879,6.06448,27.1071,14.5703,-9.95337,-0.23003,-22.3979,-25.0595,-1.31934,-19.1423,30.4667,-5.29794,17.6992,-12.9656
9.75155,17.049,-5.24207,-4.80421,-8.32083,-2.15853,5.30797,1.36218,3.2914,51.7358,24.0373,6.00378,26.8104,16.4522,-9.38249,-0.364696,-22.1765,-25.1041,-1.0377,-19.7222,31.5769,-4.99528,15.72,-9.21781
9.75611,17.0576,-5.03974,-4.71984,-8.1127,-2.11862,5.04009,1.33851,3.18787,51.7987,23.3187,6.07026,26.7478,18.9115,-8.72491,-0.375269,-21.9816,-25.1079,-0.582078,-19.9941,32.5029,-4.67281,14.1081,-6.11962
9.75406,17.0654,-4.84024,-4.52328,-8.00063,-2.43066,4.79054,1.3019,3.28949,51.7459,22.1911,6.08249,27.0267,21.7212,-7.54005,-0.373003,-23.0382,-25.1033,-0.184297,-19.8325,33.2971,-4.65027,13.3917,-6.61233
9.75741,17.0723,-4.64168,-4.50249,-7.6941,-2.18263,4.53684,1.26685,2.90719,51.3691,21.1139,5.84504,26.6013,24.5482,-6.08474,-0.26791,-24.0394,-24.7991,-0.151918,-20.2965,33.9165,-4.91701,13.3678,-7.27338
9.77006,17.0822,-4.442,-4.61349,-7.28737,-1.52744,4.40541,1.29129,2.25837,51.1308,20.075,5.37255,25.5602,27.3814,-4.27589,0.0129007,-24.5479,-24.2685,-0.230332,-21.2392,34.436,-5.4799,13.1857,-5.85782
9.78373,17.0928,-4.24664,-4.79164,-7.05289,-0.98022,4.52383,1.32667,1.77494,51.3425,19.0158,5.1101,24.6496,30.2263,-1.9529,0.236088,-24.8182,-23.6262,-0.301356,-21.9994,34.7774,-6.27767,12.7019,-3.61358
9.79773,17.1117,-4.05672,-4.8786,-6.9369,-0.847351,4.65825,1.3107,1.75443,51.078,17.7376,5.12273,24.2925,33.1583,0.804203,0.209522,-25.2903,-23.0139,-0.326648,-22.3073,34.9689,-6.9852,12.269,-4.19949
9.81709,17.1329,-3.8695,-4.86794,-6.88858,-0.823667,4.67357,1.27995,1.83733,50.7035,16.2744,5.31566,24.0759,36.1426,3.92477,0.034159,-26.2165,-22.3562,-0.241393,-22.5554,35.0946,-7.59518,12.1552,-5.3621
9.84051,17.1508,-3.68862,-4.8425,-6.91919,-0.592802,4.68842,1.29232,1.72315,50.7052,14.6818,5.63401,23.61,39.1905,7.14064,-0.0434277,-28.466,-21.6499,-0.250705,-23.0062,35.0983,-8.18517,12.3235,-4.67723
9.85552,17.1761,-3.51782,-4.582,-6.88662,-0.640872,4.62752,1.28249,1.7944,51.1017,12.6663,5.84495,23.5057,42.3843,10.2717,-0.0584503,-31.4799,-21.2453,-0.350063,-23.0902,34.9269,-8.56942,12.3334,-3.57998
9.86069,17.2088,-3.34634,-4.42632,-6.82723,-0.383995,4.61861,1.28657,1.40743,51.4921,10.651,5.97104,23.1278,45.5634,12.9861,-0.208148,-33.9045,-20.7615,-0.355485,-23.4825,34.7402,-8.95265,12.2126,-2.04657
9.87286,17.2457,-3.16564,-4.52944,-6.87987,0.35339,4.64079,1.31361,0.576502,51.4915,8.79379,6.09921,22.1268,48.7373,15.0791,-0.400735,-35.9796,-19.8279,-0.368076,-24.4302,34.4104,-9.40906,12.3626,-1.5111
9.89098,17.2527,-2.99476,-4.42914,-7.00189,0.645283,4.50806,1.29284,0.310449,51.3941,6.95869,6.24463,21.5933,51.7097,16.3357,-0.982304,-37.2669,-19.0969,-0.473336,-24.8965,33.9645,-9.82068,12.6358,-1.16362
9.90291,17.275,-2.82548,-4.36442,-7.04243,1.23887,4.40919,1.26406,-0.301887,50.7974,5.05906,6.28255,20.7783,54.5315,16.5218,-1.7075,-38.5197,-18.34,-0.51276,-25.6709,33.4763,-10.3084,12.7217,-0.0897713
9.90986,17.3025,-2.66171,-4.47574,-6.97999,2.01315,4.50209,1.149,-1.26395,50.0751,3.36334,6.17928,19.8267,57.0848,15.8891,-3.58823,-37.0196,-17.4586,-0.445842,-26.637,33.0791,-10.7052,12.6882,-0.168149
9.92251,17.3265,-2.5007,-4.51049,-6.90601,1.95344,4.64847,1.01472,-1.19279,50.2878,1.7589,6.02709,19.8217,59.403,14.8725,-5.73486,-33.3814,-16.5553,-0.332622,-26.7153,32.6115,-10.9668,12.588,-0.692326
9.94213,17.3494,-2.33308,-4.59209,-6.69566,1.9886,4.79044,0.983957,-0.935758,50.2199,0.273185,5.67947,19.6145,61.5213,13.751,-6.97973,-30.5886,-15.5543,-0.231299,-26.9465,32.1065,-11.3306,12.361,-1.34917
9.95572,17.3673,-2.17954,-4.82503,-6.36373,2.3482,5.14258,0.918131,-1.19287,49.6343,-1.19216,5.15235,19.0963,63.4851,12.456,-8.30892,-29.2808,-14.4861,-0.167976,-27.4959,31.5879,-11.6076,12.0831,-2.36052
9.96088,17.3881,-2.0299,-5.04367,-6.0756,2.77825,5.46561,0.861072,-1.70401,50.0187,-2.75557,4.80033,18.5679,65.3092,10.517,-10.0306,-27.5143,-13.4724,-0.198588,-28.0672,31.0463,-11.7632,11.9431,-3.38667
9.97099,17.4085,-1.86301,-5.13617,-5.88153,3.16532,5.55644,0.836747,-2.08496,51.1038,-4.33428,4.69062,18.0147,66.9339,7.90562,-11.6811,-23.23,-12.5166,-0.202286,-28.6431,30.5327,-12.0246,11.9733,-4.2507
9.9821,17.4243,-1.69968,-5.15665,-5.7121,2.9542,5.7056,0.737225,-1.92288,51.7937,-5.82202,4.56988,18.2113,68.2247,5.53668,-13.0213,-19.795,-11.6347,-0.0848513,-28.5752,30.1196,-12.312,11.9164,-4.37776
9.99086,17.4471,-1.54326,-5.09548,-5.40598,2.61434,5.81491,0.570484,-1.73453,51.7642,-7.34099,4.25525,18.5977,69.22,3.60686,-14.1387,-20.2684,-10.9163,-0.106793,-28.3268,29.8271,-12.5463,11.6971,-4.77306
10.006,17.4717,-1.37638,-5.12584,-5.05091,2.39824,5.82528,0.408775,-1.50213,51.8044,-8.64957,3.88228,18.7642,69.9562,1.70787,-15.0981,-21.5297,-10.1312,-0.426104,-28.2318,29.6735,-12.9685,11.5962,-4.90672
10.021,17.4811,-1.20628,-5.31563,-4.7104,2.29472,5.88171,0.316624,-1.27942,52.0029,-9.78234,3.63444,18.8017,70.5087,0.248041,-15.7853,-21.3593,-9.16412,-0.876721,-28.3049,29.496,-13.6856,11.7129,-3.40909
10.0274,17.4758,-1.04525,-5.40944,-4.30259,2.22195,5.90478,0.232997,-1.21114,52.0988,-11.1208,3.49953,18.8863,70.9144,-0.687449,-16.4073,-19.7501,-8.30306,-1.11871,-28.4032,29.2635,-14.3386,11.6845,-1.82501
10.0355,17.4751,-0.882741,-5.38283,-3.78668,2.22581,5.81289,0.0827189,-1.29016,52.7689,-12.459,3.31568,18.8503,71.0699,-1.65494,-17.0333,-17.1344,-7.59575,-1.17707,-28.5723,29.152,-14.7845,11.3859,-1.18288
10.0457,17.4888,-0.718195,-5.4313,-3.29661,2.29999,5.85237,-0.0388515,-1.48499,53.697,-13.5603,3.19948,18.7109,70.9398,-2.57929,-17.515,-16.5192,-6.90952,-1.34504,-28.7908,29.145,-15.1221,11.2424,-2.31511
10.0491,17.4969,-0.566534,-5.47399,-2.89219,1.94008,6.12235,-0.0800112,-1.21041,54.1997,-14.7142,3.27394,19.1646,70.6261,-3.70782,-17.9602,-16.8007,-6.36423,-1.57476,-28.4704,29.1849,-15.2858,11.2482,-5.19661
10.053,17.4919,-0.415291,-5.30593,-2.43244,1.73264,6.19351,-0.183131,-1.03977,54.4217,-16.1207,3.24398,19.3793,70.2049,-5.20642,-18.1927,-16.0092,-6.02353,-1.76561,-28.3258,29.2331,-15.6413,11.088,-6.41975
10.059,17.4812,-0.255929,-5.15368,-1.94495,1.98147,6.11904,-0.325515,-1.4174,54.5772,-17.4667,3.11691,18.9978,69.6486,-5.89846,-18.1553,-16.6456,-5.56286,-1.99575,-28.7097,29.1893,-16.3924,10.7773,-4.50573
10.0619,17.4592,-0.0945323,-5.21635,-1.49787,2.28088,6.08261,-0.406509,-1.77901,53.8966,-18.5428,3.15045,18.6113,68.9749,-6.20741,-17.9112,-17.3253,-4.74869,-2.14547,-29.1502,28.9552,-16.9223,10.6,-4.47493
10.0681,17.4354,0.0837746,-5.55002,-1.01939,2.68461,6.12039,-0.509378,-2.13007,52.1546,-19.0905,3.19912,18.0652,68.0619,-7.12117,-17.4391,-17.2033,-3.49272,-2.27668,-29.7609,28.689,-17.3405,10.5733,-5.82484
10.0793,17.4154,0.25961,-5.84433,-0.410641,2.96835,6.41524,-0.680641,-2.47863,50.9837,-19.5115,3.1117,17.5738,66.8651,-8.38933,-16.883,-16.6488,-2.33107,-2.48934,-30.2484,28.5334,-17.994,10.3365,-4.98556
10.0833,17.4057,0.409062,-5.63743,0.0679078,2.50815,6.66236,-0.831997,-2.20707,50.7928,-20.5734,3.28478,18.0063,65.3947,-9.51606,-16.5949,-15.1092,-1.95485,-2.68368,-29.7948,28.4665,-18.4487,10.0862,-4.97425
10.083,17.4078,0.5631,-5.39987,0.405124,1.87194,6.72082,-0.94769,-1.69152,50.7751,-21.6341,3.68951,18.6458,63.6266,-10.312,-16.3514,-15.6714,-1.63133,-2.84273,-29.1165,28.4361,-18.9933,9.94667,-5.22461
10.083,17.4116,0.732727,-5.38701,0.785344,1.73627,6.64683,-1.0637,-1.70636,50.0167,-22.2408,4.01798,18.6571,61.6159,-11.0779,-15.885,-17.8603,-0.944289,-2.84783,-28.9916,28.3368,-19.6309,9.74282,-5.11573
10.0827,17.4079,0.905031,-5.55571,1.23144,1.95152,6.7338,-1.10567,-2.04002,49.1166,-22.457,4.19501,18.2956,59.4949,-11.8707,-15.3965,-18.0326,0.0835221,-2.87429,-29.2569,27.9208,-19.6473,9.53553,-5.79001
10.0848,17.4011,1.07854,-5.75465,1.67745,2.14085,7.01858,-1.12518,-2.24952,49.3851,-22.5906,4.43415,17.9486,57.2801,-12.4943,-14.9602,-16.6037,1.33905,-3.12487,-29.5414,27.1043,-19.492,9.26286,-4.90083
10.0883,17.4056,1.25185,-5.54908,2.08022,2.67943,6.95361,-1.16735,-2.83822,48.6706,-23.2785,4.886,17.0625,54.9371,-12.9406,-14.6043,-14.9983,2.27647,-3.46415,-30.2142,26.0469,-19.4057,9.18692,-4.38626
10.0898,17.4188,1.4221,-5.24269,2.43414,3.18871,6.72695,-1.20663,-3.457,45.9161,-24.0689,5.41455,16.1581,52.4319,-12.7432,-14.5092,-14.1154,3.16464,-3.66306,-30.8125,24.8952,-19.0515,9.3065,-6.3891
10.0912,17.4301,1.59136,-5.20611,2.79451,3.0296,6.73951,-1.3025,-3.4693,44.6202,-24.3461,5.93074,16.0526,49.6599,-12.1599,-14.626,-15.0928,4.31889,-3.68794,-30.6349,23.7708,-18.7397,9.1729,-7.639
10.0933,17.4382,1.76828,-5.16492,3.3025,2.94704,6.64087,-1.42625,-3.45192,45.9233,-24.391,6.26473,15.8287,46.7199,-12.4357,-14.6536,-16.7811,5.40281,-3.77291,-30.5199,22.7647,-18.5779,8.86398,-7.26462
10.0928,17.4419,1.94724,-4.91573,3.678,2.74526,6.34123,-1.50018,-3.19067,46.2576,-24.6096,6.6726,15.7351,43.6888,-13.0931,-14.7031,-16.9833,6.15861,-3.83079,-30.2261,21.9255,-18.427,8.46738,-6.93748
10.0949,17.4347,2.11868,-4.67406,3.95599,2.57844,6.35086,-1.54346,-2.9588,44.4594,-24.8106,6.97475,15.6475,40.6521,-13.3669,-14.4581,-16.9804,6.87519,-3.8771,-29.9941,21.2005,-18.3346,8.0387,-6.73386
10.097,17.4355,2.2918,-4.70342,4.32419,2.68321,6.56599,-1.60075,-3.09372,43.4596,-24.6562,7.15557,15.3282,37.7105,-13.6659,-13.9615,-17.4241,7.92795,-4.06166,-30.1128,20.4634,-18.3843,7.73783,-5.34281
10.0891,17.4442,2.4758,-4.79695,4.60835,2.42393,6.52642,-1.66949,-3.04166,43.9673,-24.4946,7.78357,15.436,34.942,-14.412,-14.1787,-17.3105,9.11973,-4.17769,-29.7614,19.5586,-18.4552,7.4522,-4.19091
10.0813,17.4377,2.66226,-4.72269,4.98026,2.27728,6.33851,-1.77726,-3.05938,44.3261,-24.5821,8.28945,15.3979,32.4076,-15.2061,-14.8275,-18.0119,10.2446,-4.20429,-29.4837,18.4045,-18.2237,7.13053,-4.58802
10.0865,17.4283,2.8431,-4.50019,5.38768,2.48385,6.1119,-1.91905,-3.22031,44.0512,-24.8637,8.04692,15.0399,30.172,-15.7538,-15.031,-19.6248,11.308,-4.28736,-29.6616,17.0965,-17.7118,6.87614,-4.94562
10.0983,17.4349,3.02221,-4.27789,5.63148,2.56801,5.98406,-2.04669,-3.19249,43.8471,-25.2096,7.13068,15.0193,28.3198,-16.3312,-14.5452,-19.9964,12.4857,-4.3216,-29.7372,15.5811,-17.1239,6.66143,-5.32156
10.107,17.4356,3.20308,-4.19651,5.85077,2.55584,6.07136,-2.14958,-3.10038,43.8712,-25.494,5.91603,15.2738,26.8185,-16.6016,-13.5631,-18.9168,13.8042,-4.19725,-29.6588,14.0372,-16.5107,6.42198,-6.83292
10.1088,17.436,3.39427,-4.19763,6.05413,2.53738,6.04369,-2.18609,-3.06635,43.4302,-25.6478,4.7972,15.6163,25.5585,-16.7375,-12.412,-17.5344,15.1374,-4.02179,-29.5398,12.6414,-15.8826,6.26357,-8.57475
10.1053,17.4319,3.59304,-4.10831,6.19729,2.53725,5.73658,-2.14338,-3.04467,42.7745,-25.877,3.60134,16.0734,24.5641,-16.8868,-11.6501,-17.9172,16.3531,-3.97147,-29.4723,11.4674,-15.4184,6.3231,-9.89646
10.1055,17.4131,3.7806,-4.0362,6.46454,2.66236,5.65499,-2.18374,-3.08912,42.8379,-26.1566,1.89862,16.5276,23.7966,-16.8429,-11.0242,-21.0003,17.4906,-3.9508,-29.517,10.535,-15.0864,6.11624,-10.4234
10.1057,17.3942,3.96558,-4.11219,6.84933,2.6731,5.82842,-2.3366,-3.07643,43.2561,-26.2972,0.174403,17.062,23.308,-16.8842,-10.122,-21.2073,18.622,-4.27716,-29.5075,9.80395,-14.6651,5.98331,-10.835
10.0943,17.3797,4.15853,-4.0308,7.0624,2.6887,5.78828,-2.40443,-3.25803,43.507,-26.5968,-0.526344,17.3992,23.1711,-16.8617,-10.0008,-23.7833,19.5686,-4.4678,-29.4591,9.0468,-14.0041,5.92728,-11.8718
10.0775,17.3584,4.35258,-3.81365,7.08415,2.93185,5.66647,-2.3809,-3.7224,43.2509,-26.937,-0.423683,17.3586,23.2115,-16.6754,-10.3744,-23.7431,20.2423,-4.47197,-29.6153,8.599,-13.4583,5.87954,-11.859
10.0672,17.3323,4.54881,-3.78205,7.01136,2.97546,5.63794,-2.38634,-3.84771,42.6057,-26.9282,-0.248435,17.5172,23.3474,-16.1944,-10.5651,-22.1604,20.9332,-4.36723,-29.5884,8.59962,-13.2294,5.85805,-11.7198
10.0596,17.3099,4.74696,-3.85535,6.86463,2.54804,5.5229,-2.43046,-3.43489,42.9589,-26.8045,0.304282,18.0889,23.757,-15.9508,-11.1231,-20.6012,21.7224,-4.22002,-29.0741,8.56469,-12.9621,5.81385,-12.8762
10.0519,17.2914,4.94904,-3.91691,6.80318,2.1853,5.36778,-2.4713,-3.03143,43.6863,-26.7014,1.23307,18.4074,24.526,-16.9941,-11.6042,-17.0387,22.3211,-4.1566,-28.6229,8.95943,-12.8578,5.63437,-14.3919
10.0478,17.2678,5.1589,-3.88108,6.90413,2.57332,5.25053,-2.51201,-3.38108,43.9327,-26.5673,1.79426,17.918,25.3841,-17.7715,-11.6253,-15.1594,22.6858,-4.17842,-28.9985,9.84189,-12.8899,5.50879,-15.6452
10.0404,17.2207,5.37282,-3.78659,6.92031,3.30551,5.06058,-2.56683,-4.17652,44.1853,-26.4793,2.1208,17.2424,26.2687,-16.9257,-11.9186,-16.6304,22.9835,-4.09044,-29.725,10.6798,-12.7768,5.45616,-16.5446
10.0247,17.1999,5.58369,-3.84393,6.74625,3.32021,4.951,-2.59878,-4.2642,43.822,-26.2629,2.80353,17.4107,27.1831,-15.5061,-12.6067,-18.7386,23.2403,-3.77125,-29.565,11.6122,-12.5959,5.29766,-17.7637
10.0096,17.212,5.79258,-3.93915,6.61725,2.84293,4.94815,-2.61834,-3.80406,43.1632,-26.0556,3.4737,18.0846,27.9382,-14.0572,-13.371,-17.7621,23.2775,-3.60364,-28.8867,12.9458,-12.3078,5.22176,-19.6886
9.99974,17.2109,6.00614,-4.01834,6.48897,2.36279,4.88774,-2.67082,-3.29861,43.0792,-25.8874,4.04422,18.7188,28.4905,-12.5592,-13.8201,-17.7948,23.1973,-3.49039,-28.2391,14.5244,-11.8955,5.13593,-21.9749
9.99309,17.206,6.22041,-4.17929,6.2467,1.68079,4.81041,-2.73888,-2.56103,43.3372,-25.5871,4.67526,19.5309,29.1795,-11.5453,-13.6151,-15.0299,23.0348,-3.20674,-27.3369,16.4802,-11.6079,4.91429,-23.2037
9.9901,17.198,6.43462,-4.4164,6.17057,1.04166,4.80181,-2.81755,-1.86228,43.0834,-25.249,4.91571,20.3263,30.1452,-10.777,-13.2795,-12.6795,22.8675,-3.01941,-26.4831,18.6059,-11.2239,4.6434,-23.283
9.98737,17.1679,6.64782,-4.58112,6.19278,0.629053,4.76199,-2.86681,-1.4102,42.0936,-25.144,4.93584,20.9082,31.3293,-10.1246,-13.1653,-10.9797,22.5248,-2.96225,-25.9014,20.902,-10.7179,4.40845,-23.0823
9.98518,17.1548,6.8608,-4.61239,6.05199,0.494722,4.6287,-2.8975,-1.21862,41.6791,-25.1514,5.03257,21.2098,32.581,-9.96795,-12.9601,-8.29427,21.9117,-2.75485,-25.6133,23.435,-9.88021,4.226,-24.0094
9.98338,17.1462,7.06803,-4.8201,5.82906,0.434852,4.71025,-2.91718,-1.13018,41.8623,-24.8314,5.01225,21.5262,33.7642,-10.1158,-12.6359,-7.12998,21.2841,-2.32488,-25.3068,26.2221,-8.61898,3.80936,-26.8509
9.9732,17.1441,7.26363,-5.0116,5.47277,0.183295,4.80833,-2.86306,-0.977765,42.3483,-24.3923,5.18594,22.1223,34.7052,-10.4108,-12.442,-5.35884,20.5012,-1.68669,-24.6174,29.0356,-7.09436,3.13917,-28.4564
9.95721,17.1424,7.45042,-5.05458,4.96596,-0.471139,4.83057,-2.79104,-0.419305,43.5755,-24.1245,5.76189,23.1218,35.5005,-10.952,-12.2302,-1.96068,19.373,-0.968443,-23.3922,31.9119,-5.08286,2.63426,-27.3346
9.94659,17.1418,7.63867,-5.15361,4.60442,-0.814365,5.03499,-2.73403,-0.0779966,44.7664,-23.6554,6.30316,23.7311,36.1305,-11.5586,-11.9097,1.10925,18.1638,-0.497838,-22.6068,34.8158,-2.53712,2.52892,-26.1154
9.94001,17.1429,7.83078,-5.23068,4.54283,-0.466264,5.15903,-2.69396,-0.44598,46.1461,-23.0816,6.52893,23.5652,36.6814,-12.1541,-11.8495,3.29277,16.9778,-0.31511,-22.7114,37.6883,0.164408,2.60782,-25.5754
9.92783,17.1484,8.01526,-5.35324,4.5878,-0.538405,5.24046,-2.72493,-0.516167,47.0206,-22.5419,6.65737,23.8754,37.1956,-12.628,-12.1566,4.00787,15.7478,-0.196776,-22.2935,40.6387,3.01707,2.41454,-26.0916
9.90969,17.1577,8.18895,-5.48439,4.55644,-0.782186,5.44763,-2.75694,-0.492037,46.6612,-21.9595,6.92595,24.4123,37.5939,-12.9157,-12.4984,4.12546,14.2525,-0.0491049,-21.6676,43.8317,5.93292,2.25065,-27.2647
9.8926,17.1688,8.35512,-5.39911,4.51423,-0.884461,5.53052,-2.73912,-0.478293,47.0947,-21.4091,7.17955,24.7744,37.7966,-13.2262,-12.6472,4.51031,12.2682,0.188374,-21.1999,47.2541,8.77688,2.75062,-25.8314
9.87862,17.1782,8.51422,-5.17471,4.56702,-1.47757,5.4514,-2.7468,0.142287,48.8378,-21.0424,7.29563,25.5982,37.8235,-13.6851,-12.8163,4.57827,9.96988,0.426035,-20.1324,50.7457,11.6506,3.69306,-22.795
9.86544,17.186,8.67259,-5.06284,4.63777,-1.86826,5.51741,-2.73429,0.458588,50.0732,-20.5561,7.33172,26.2072,37.742,-14.2439,-13.0073,3.96682,7.84591,0.485352,-19.4372,54.0809,14.3717,5.331,-19.0076
9.85754,17.2027,8.83393,-5.08564,4.69537,-1.78823,5.71365,-2.73642,0.296633,50.2423,-19.7812,7.1834,26.3107,37.5762,-14.6131,-12.9996,3.42551,5.96296,0.481092,-19.4639,57.1392,16.4822,7.55736,-16.9863
9.85933,17.2256,8.99532,-5.08741,4.74792,-1.73697,5.84201,-2.77687,0.31635,50.248,-19.0938,6.86167,26.361,37.4403,-14.9865,-12.6811,4.5129,4.09315,0.623042,-19.512,59.8979,17.803,9.45588,-19.0971
9.85923,17.2476,9.15472,-4.99704,4.6538,-1.87823,5.83682,-2.69411,0.592372,50.3646,-18.5833,6.62877,26.608,37.3234,-15.5996,-12.206,6.38638,2.14921,0.978866,-19.2695,62.4197,17.7528,11.4921,-18.8023
9.85615,17.2658,9.31441,-4.84158,4.48484,-1.87848,5.72159,-2.4911,0.771239,50.4838,-18.0624,6.48617,26.7223,37.1183,-16.1539,-11.8129,6.58374,0.234087,1.43617,-19.1951,64.6927,16.5516,13.6862,-15.698
9.85684,17.2743,9.47115,-4.93064,4.18319,-1.96509,5.92226,-2.30764,1.03059,50.3005,-17.2206,6.4143,26.9952,36.8696,-16.5443,-11.5736,6.10065,-1.32395,2.04599,-19.0979,66.6578,15.2501,15.1289,-15.946
9.85794,17.2835,9.62576,-5.29577,3.69068,-2.68294,6.3443,-2.19142,1.81317,50.0459,-16.1214,6.44587,28.0225,36.6277,-16.7473,-11.4547,6.04436,-2.57717,2.74777,-18.253,68.3481,13.8524,15.9822,-17.1924
9.86324,17.3098,9.79894,-5.61433,3.42864,-2.78359,6.42754,-2.10142,1.97216,50.4698,-14.951,6.22602,28.2947,36.4049,-17.0552,-11.1826,5.38642,-3.59424,2.99658,-18.2149,69.6288,11.5483,17.4714,-14.3466
9.87629,17.3364,9.97629,-5.89285,3.43013,-2.16325,6.48466,-2.04675,1.51038,50.9301,-13.7274,5.75231,27.6766,36.1922,-17.5743,-10.7271,5.75643,-4.43638,2.93826,-19.1361,70.5421,8.98491,18.844,-11.7978
9.88577,17.3529,10.1341,-6.01614,3.20763,-1.91809,6.5733,-1.9746,1.45987,50.4019,-12.7935,5.56706,27.5013,35.9814,-17.8822,-10.4443,5.42072,-5.62561,3.12573,-19.5607,71.3214,6.95945,19.2991,-12.0293
9.8852,17.3697,10.291,-6.0066,2.7065,-1.86147,6.52646,-1.79623,1.50351,50.2603,-11.9854,5.81226,27.6044,35.6997,-18.1336,-10.3358,3.19289,-7.06728,3.47605,-19.6335,72.0101,4.69798,19.4695,-9.91312
9.8828,17.3884,10.4495,-6.04811,2.19566,-1.72996,6.67418,-1.59182,1.34312,51.3362,-11.0593,6.18899,27.6193,35.2134,-18.2974,-10.2423,1.63632,-8.40543,3.7257,-19.7888,72.5607,2.96064,19.2336,-7.62534
9.88549,17.4056,10.604,-6.10542,1.69102,-1.42969,6.87271,-1.42531,1.0232,51.6734,-10.0564,6.4145,27.4327,34.4853,-18.2501,-10.1221,0.1649,-9.69327,3.84786,-20.2273,72.9653,2.21272,18.3858,-10.217
9.88979,17.4216,10.7638,-6.03146,1.06911,-1.75819,6.77887,-1.28768,1.40425,50.9281,-9.17893,6.61474,27.9279,33.7003,-18.354,-9.90625,0.325527,-11.1762,4.00777,-19.8962,73.2759,1.35958,17.1376,-13.4907
9.8914,17.4413,10.9242,-5.82437,0.379266,-3.09072,6.65007,-1.14973,2.86414,50.2845,-8.54347,6.93802,29.5115,33.0861,-18.6586,-9.64965,2.77678,-12.8442,4.1966,-18.3096,73.4559,-0.119332,15.9228,-11.9752
9.89634,17.4581,11.0798,-5.72508,-0.118691,-3.32003,6.6384,-1.02272,3.22817,50.7669,-7.84165,7.0262,29.829,32.6195,-18.9824,-9.31289,4.34373,-14.2576,4.16087,-18.0819,73.3064,-1.38022,15.0328,-10.1159
9.90549,17.4669,11.2364,-5.72023,-0.459303,-2.38833,6.55454,-0.93094,2.33367,52.0557,-7.06059,6.90779,28.8161,32.2347,-19.3386,-8.79946,4.26396,-15.4334,4.03307,-19.2728,72.8736,-1.88466,14.3381,-12.3263
9.90946,17.4665,11.397,-5.69271,-1.02503,-2.36125,6.55002,-0.768727,2.31778,52.673,-6.32079,6.93534,28.8833,32.0359,-19.7895,-8.50724,3.13848,-16.6407,4.09181,-19.3003,72.373,-2.61362,13.5827,-12.9664
9.90934,17.4572,11.5481,-5.66151,-1.64023,-2.92502,6.76857,-0.601284,2.91276,52.2202,-5.71736,6.92764,29.6716,31.9254,-19.8574,-8.74106,0.439348,-17.915,4.06663,-18.5871,71.7669,-3.64681,12.7509,-11.038
9.9184,17.4485,11.6933,-5.61047,-1.98618,-2.8414,6.8888,-0.543076,2.9917,52.0803,-5.15421,6.72518,29.6248,31.7109,-19.735,-8.78192,-1.89154,-19.1566,3.79055,-18.7251,70.8821,-4.22392,12.0506,-11.7946
9.93415,17.451,11.8586,-5.58526,-2.24979,-2.29008,6.85261,-0.487009,2.64425,52.6311,-4.33282,6.5291,28.946,31.4465,-20.5053,-8.17752,-0.856867,-20.1129,3.43694,-19.4382,69.659,-4.8299,11.6772,-13.7982
9.94778,17.4644,12.0301,-5.56506,-2.54459,-1.88938,6.89228,-0.375171,2.36765,52.4964,-3.54297,6.41164,28.4184,31.2441,-21.7847,-7.39598,2.20671,-20.9417,3.05395,-19.9238,68.1784,-5.70675,11.5618,-13.6097
9.96307,17.4732,12.1846,-5.53752,-2.85284,-1.75066,7.01995,-0.28385,2.38629,52.4689,-2.86156,6.24407,28.1861,30.9675,-22.7452,-6.73776,4.50407,-21.8625,2.67013,-20.0645,66.5366,-6.451,11.422,-13.7766
9.97673,17.4718,12.3468,-5.50061,-3.08252,-1.55744,7.05982,-0.248613,2.33746,52.9871,-2.01753,5.94134,27.8919,30.4103,-23.6629,-6.28023,4.83943,-22.6928,2.26881,-20.2461,64.7628,-7.13773,11.4668,-14.7034
9.98686,17.476,12.5183,-5.46611,-3.25379,-1.32524,7.01026,-0.235227,2.17035,52.7266,-1.02714,5.57822,27.5297,29.628,-22.7864,-6.19365,-0.38033,-23.3162,1.81203,-20.4395,62.8921,-7.84185,11.7521,-13.8948
9.99374,17.4908,12.6767,-5.40251,-3.59175,-1.88548,7.04785,-0.236671,2.74498,52.1528,-0.0229695,5.5895,28.1066,28.7341,-22.1177,-5.93104,-1.97431,-24.0421,1.52302,-19.6223,61.014,-8.7144,11.8442,-12.2581
9.99955,17.4975,12.8227,-5.16224,-3.98988,-2.89988,7.22477,-0.262861,3.7562,52.0368,0.793903,5.94112,29.269,27.7339,-21.5004,-5.82114,-2.77094,-25.1001,1.44963,-18.2253,59.0138,-9.16288,11.887,-12.5456
10.0111,17.4928,12.9617,-4.84801,-4.24603,-3.3138,7.48784,-0.298584,4.1345,52.2773,1.49142,5.97077,29.6793,26.6328,-20.9764,-5.60719,-3.83235,-26.1035,1.15229,-17.5633,56.731,-9.06544,12.1649,-13.466
10.0268,17.5012,13.1218,-4.79286,-4.43086,-3.15545,7.57207,-0.225318,4.04868,52.8995,2.52443,5.56474,29.3344,25.6281,-20.7508,-4.95411,-3.81587,-26.4055,0.498457,-17.5668,54.0837,-9.23752,12.6881,-12.6488
10.0448,17.5196,13.3021,-4.88867,-4.51503,-2.80706,7.43272,-0.13324,3.85837,52.6702,3.77307,5.09717,28.7439,24.716,-20.7259,-4.27501,-2.81499,-26.3146,-0.181113,-17.7826,51.1433,-9.58928,13.1371,-11.9459
10.06,17.5357,13.4698,-4.71603,-4.596,-2.2918,7.22535,-0.119963,3.32417,51.2698,4.72091,4.96913,28.0284,23.6203,-20.5308,-3.92066,-2.40912,-26.5761,-0.794974,-18.1193,48.1073,-9.86144,13.3717,-10.9546
10.0718,17.5566,13.6294,-4.3819,-4.81866,-2.20567,7.07358,-0.0888605,3.16896,50.7214,5.57324,4.93084,27.8226,22.4447,-20.2697,-3.73443,-4.00121,-27.0424,-1.4956,-17.8533,45.1284,-10.1848,13.5604,-9.34074
10.0855,17.5735,13.7935,-4.09114,-5.00678,-2.88708,7.03268,-0.0695791,3.93585,50.8471,6.52888,4.73627,28.438,21.272,-20.022,-3.42064,-4.56644,-27.3782,-2.18513,-16.7577,42.2819,-10.4002,13.7212,-10.9693
10.0992,17.5786,13.9531,-3.94628,-5.28087,-3.0766,7.11982,0.00727905,4.20067,50.675,7.48049,4.94429,28.5775,20.0108,-19.5743,-3.03912,-1.95961,-27.4965,-2.63527,-16.2771,39.5344,-10.4746,14.0563,-14.1584
10.1113,17.5844,14.1138,-3.84915,-5.62684,-2.76506,7.16388,0.131829,3.86128,50.9882,8.42399,5.25171,28.1651,18.6739,-18.9655,-2.72443,-0.065244,-27.6161,-3.19401,-16.2731,36.919,-10.952,14.6446,-15.7743
10.1269,17.5824,14.293,-3.78346,-5.71454,-2.60598,7.00984,0.15805,3.74396,52.0916,9.56151,4.92863,27.7752,17.4038,-18.5199,-2.25202,-0.258322,-27.6573,-4.14271,-16.0538,34.4653,-11.5975,15.0373,-16.6664
10.1407,17.5736,14.4709,-3.72544,-5.84064,-2.83703,6.90971,0.175446,3.99353,53.0455,10.8189,4.63322,27.8524,16.2169,-18.1732,-1.90358,-0.928353,-27.5957,-4.98915,-15.3885,32.084,-11.4177,15.1806,-18.7727
10.1539,17.5633,14.6388,-3.53997,-6.28188,-3.45322,6.94947,0.303208,4.59276,52.6013,11.8935,4.81144,28.4446,15.0985,-17.7255,-1.74598,-1.49242,-27.6486,-5.60197,-14.214,29.8588,-11.4969,15.5551,-17.9561
10.1708,17.5546,14.811,-3.57045,-6.72603,-3.38602,7.02092,0.432334,4.48634,51.3049,13.0754,4.96394,28.2475,13.9576,-17.3237,-1.60037,-2.29529,-27.5062,-6.19179,-13.8406,27.9211,-12.7703,16.0423,-13.323
10.1857,17.5445,14.9905,-3.76258,-6.94553,-2.94903,7.03229,0.450333,3.92978,50.9704,14.389,4.76698,27.5929,12.8407,-17.0393,-1.37537,-2.90628,-27.2713,-6.61064,-14.0585,26.3005,-13.3989,16.5338,-13.2157
10.2038,17.5315,15.1724,-3.66217,-7.16925,-3.16282,6.98181,0.498141,4.213,51.6974,15.43,4.54921,27.6294,11.8646,-16.6621,-0.904616,-2.50745,-27.3134,-6.57418,-13.7359,24.9933,-12.9232,17.0077,-16.2986
10.2216,17.5154,15.3442,-3.60473,-7.43228,-3.47384,7.1287,0.577709,4.62908,52.5517,16.4881,4.51277,27.8804,10.7814,-15.9518,-0.898161,-4.90633,-27.4057,-6.16455,-13.4302,24.1461,-12.4249,17.0131,-18.8182
10.2383,17.5009,15.5223,-3.69683,-7.61232,-3.714,7.2998,0.568293,4.83803,52.6219,17.6793,4.58309,28.1345,9.68868,-15.148,-1.55615,-10.5435,-27.3549,-5.89382,-13.2233,23.6883,-12.2593,16.6368,-20.0634
10.2665,17.4895,15.7237,-3.67312,-7.74076,-3.60401,7.16682,0.593559,4.83333,52.487,18.6596,4.69648,27.8676,9.07093,-14.8233,-1.79939,-12.9636,-27.1468,-5.77452,-13.502,23.366,-12.7112,16.3712,-19.4393
10.2972,17.4729,15.9327,-3.91718,-7.8051,-2.90572,7.03875,0.673651,4.32242,52.8534,19.703,4.79542,26.9317,8.97838,-14.8457,-1.62424,-12.1016,-26.5853,-5.58817,-14.5415,23.1447,-13.4671,16.1069,-19.0297
10.3158,17.4523,16.1299,-4.14314,-7.95911,-2.94095,7.06564,0.742009,4.45166,52.1682,20.5027,4.87832,26.8887,9.39543,-14.8384,-1.39988,-11.5369,-26.161,-5.31714,-14.6826,23.082,-13.0502,15.9315,-19.9141
10.3343,17.4349,16.3233,-3.98942,-8.22483,-3.21359,6.9159,0.842212,4.80401,51.4329,20.8673,5.09172,27.077,9.90428,-14.6885,-1.09835,-11.557,-26.1388,-4.86314,-14.5867,23.3372,-11.8594,15.9323,-20.7916
10.3542,17.4197,16.5188,-3.84489,-8.30883,-3.06356,6.62525,0.878515,4.60063,51.9227,21.2694,5.16766,26.8103,10.2063,-14.415,-1.02568,-13.5756,-26.1279,-4.14978,-15.1579,23.9912,-10.9807,15.5225,-20.8767
10.3695,17.4034,16.7129,-3.80778,-8.23966,-3.35847,6.53788,0.843667,4.74635,52.3376,21.822,5.47784,27.2494,10.424,-14.0564,-1.51471,-15.9096,-26.0842,-3.28525,-15.3492,24.9397,-9.80379,14.707,-20.7547
10.3906,17.3987,16.9177,-3.82906,-8.20565,-3.43304,6.42357,0.905127,4.88303,52.1403,22.5182,5.84994,27.3903,10.3916,-13.4653,-1.73708,-16.2972,-26.0516,-2.59916,-15.748,26.0293,-8.11243,14.3669,-20.7768
10.4182,17.4002,17.1296,-3.8161,-8.1532,-3.11602,6.17126,0.94785,4.64562,51.846,23.2529,6.15513,27.0293,10.2406,-12.7272,-1.94714,-17.3661,-26.1381,-2.46287,-16.3767,27.0955,-6.80453,14.9433,-18.9813
10.4502,17.3931,17.3568,-3.82162,-7.97337,-2.76551,5.89272,0.881524,4.29979,52.4993,23.8191,6.2307,26.5431,10.6152,-12.2113,-2.02839,-18.919,-26.1499,-2.92848,-16.8764,28.015,-6.32676,15.5988,-14.0043
10.4839,17.3922,17.5892,-3.95807,-7.73094,-2.03386,5.55139,0.864017,3.6909,52.6955,23.974,6.48769,25.7274,11.8511,-11.8661,-2.15031,-19.8731,-26.0219,-3.23005,-17.8944,29.0153,-5.58222,15.3567,-10.1639
10.5083,17.3913,17.7954,-4.10368,-7.38314,-1.45983,5.36441,0.852244,3.14159,51.602,23.8898,6.93489,25.3223,13.6014,-11.5011,-2.65887,-21.1483,-26.0493,-3.24631,-18.7986,30.1917,-4.66036,14.4539,-10.2669
10.5202,17.3546,17.9874,-4.17108,-6.90962,-1.66049,5.32497,0.792406,3.15921,51.0323,23.635,6.88003,25.6827,15.9394,-11.2475,-2.89025,-22.8574,-26.2649,-3.20833,-18.8372,31.5215,-4.06352,13.1654,-10.0651
10.5296,17.3362,18.1788,-4.10761,-6.55825,-2.16222,5.2234,0.803656,3.59526,51.3472,22.8875,6.55783,26.1769,18.6819,-10.7961,-2.89565,-25.3991,-26.5028,-2.83826,-18.5937,32.867,-3.30017,11.7846,-7.05591
10.551,17.3303,18.3756,-4.15053,-6.2037,-2.03788,5.07267,0.823359,3.5961,51.5438,21.8958,6.03686,25.7611,21.7293,-10.2586,-2.65196,-27.8453,-26.5149,-2.57908,-19.0881,34.0973,-3.04027,11.1078,-3.95778
10.577,17.3201,18.5674,-4.3339,-5.7349,-1.58504,5.10081,0.761613,3.16597,51.0486,20.9439,5.25562,24.8108,24.8578,-9.25836,-1.92155,-28.9046,-26.2258,-2.62107,-19.9121,34.9979,-3.43802,10.9232,-3.01672
10.5944,17.3211,18.7456,-4.42454,-5.48289,-1.39595,5.31742,0.778292,2.89836,50.71,19.783,4.92936,24.3053,27.9376,-7.43242,-1.38019,-29.1799,-25.9007,-2.51079,-20.3545,35.6866,-3.92646,10.5895,-2.41382
10.6145,17.3365,18.9323,-4.46921,-5.43087,-1.16244,5.37992,0.878419,2.70236,51.3044,18.5913,4.96937,23.8261,30.8454,-5.05658,-1.22642,-29.9048,-25.4578,-2.28973,-20.8399,36.2434,-4.55361,10.0708,-2.64602
10.6458,17.362,19.1257,-4.44029,-5.43312,-0.991838,5.3435,0.915015,2.70439,51.8469,17.336,5.03879,23.3422,33.644,-2.30331,-1.08434,-30.7486,-25.0313,-2.14567,-21.271,36.6884,-5.37101,9.63359,-3.04841
10.6836,17.3971,19.3268,-4.47567,-5.46618,-0.646143,5.42405,0.888638,2.51725,51.8825,16.1202,5.17319,22.621,36.349,0.735435,-0.747772,-31.9857,-24.4372,-2.10045,-21.9169,37.046,-6.20577,9.55629,-1.79937
10.7193,17.4138,19.5249,-4.57015,-5.53698,-0.190332,5.3273,0.913039,2.23502,52.2654,14.9085,5.28488,21.8,39.0941,3.77909,-0.319275,-34.7773,-23.6544,-2.2237,-22.65,37.2794,-7.17047,9.70717,-0.659576
10.7477,17.4206,19.7062,-4.55603,-5.72879,-0.0430946,5.04849,1.0152,2.32082,52.6595,13.446,5.57914,21.4606,42.1001,6.47817,-0.126846,-37.0885,-22.9533,-2.23563,-22.9856,37.273,-8.04823,9.80719,0.457696
10.7682,17.452,19.8808,-4.58908,-5.98783,0.275787,4.92517,1.10851,2.05083,52.8799,11.7552,6.24467,21.0655,45.3279,8.97363,-0.460269,-36.7108,-22.1531,-1.85807,-23.5295,36.9961,-8.51066,9.87048,1.09668
10.7829,17.4878,20.0382,-4.67136,-6.14569,0.765247,5.06518,1.14538,1.43917,52.8625,9.76127,6.89229,20.5175,48.5754,11.5859,-1.41621,-35.4477,-21.2653,-1.53864,-24.1905,36.4465,-8.81477,9.84731,0.917356
10.8009,17.5238,20.188,-4.6569,-6.23394,1.24641,5.42705,1.13089,0.877678,51.7981,7.39793,7.10948,19.8836,51.7074,14.232,-2.25003,-37.1475,-20.5032,-1.48196,-24.8042,35.8889,-9.06977,9.86954,0.401033
10.8258,17.5797,20.3644,-4.66381,-6.3379,1.79482,5.63601,1.12903,0.420443,50.453,4.89755,7.12751,19.1578,54.5615,16.539,-2.47487,-40.3159,-19.4817,-1.39622,-25.5827,35.2185,-9.3175,10.0003,-0.555673
10.846,17.5617,20.5431,-4.94086,-6.29014,2.28892,5.65359,1.10754,0.0873054,49.8438,4.38569,7.21928,18.4977,57.1788,15.9408,-4.70862,-36.955,-18.3481,-1.29677,-26.3621,34.8662,-9.83104,9.99836,-1.11335
10.8598,17.5723,20.7141,-5.25762,-6.17019,2.70518,5.65495,1.03324,-0.398092,49.4677,3.34701,6.81141,17.8952,59.505,15.6727,-6.17771,-36.1008,-17.3816,-1.29501,-27.0125,34.9956,-10.6386,9.94788,-1.00782
10.8656,17.5994,20.8686,-5.49652,-6.41534,2.16479,5.96436,0.98995,-0.0674646,49.1643,1.90017,6.54298,18.6718,61.7227,15.9309,-7.30964,-37.971,-16.6266,-1.22486,-26.4379,35.2297,-11.3708,9.90649,-0.202853
10.8658,17.6282,21.0099,-5.97213,-7.33656,-0.390451,7.15771,1.03858,2.32764,49.9272,0.782019,7.21271,22.1642,63.6596,15.7794,-10.1678,-36.71,-15.463,-0.757642,-23.4882,35.2948,-11.9707,9.87227,0.268592
10.886,17.6548,21.1539,-5.48153,-6.74232,0.406379,6.66667,0.915841,1.52482,51.0916,-1.58622,6.67281,21.0296,65.6774,14.0318,-12.465,-33.42,-15.3391,-1.13678,-24.5806,34.9223,-12.3863,9.78801,0.271166
10.9083,17.6742,21.3133,-5.39046,-6.20023,1.51047,6.19889,0.82005,0.522806,51.1976,-3.34433,6.00377,19.5687,67.5074,12.2681,-13.6113,-32.7013,-14.5435,-1.34577,-26.0498,34.2959,-12.7201,9.6922,0.0739399
10.9217,17.6938,21.4603,-5.49106,-5.9206,2.36235,6.5261,0.735758,-0.453338,50.3855,-5.18126,5.84582,18.5468,69.2366,10.2978,-15.3364,-29.7856,-13.3662,-1.35127,-27.1636,33.2147,-12.5542,9.59454,0.271089
10.9388,17.7118,21.6149,-5.34183,-5.60573,2.37788,6.64185,0.586005,-0.528404,49.9725,-7.00679,5.75269,18.4725,70.5415,8.24063,-17.2341,-25.8584,-12.4249,-1.42377,-27.3547,32.2148,-12.4926,9.34321,0.931022
10.9719,17.7236,21.7928,-5.22632,-4.90507,2.39185,6.17563,0.315343,-0.303691,50.885,-8.12579,4.98715,18.2284,71.4772,5.90349,-18.4821,-23.1027,-11.3887,-1.74429,-27.6708,31.3437,-12.7626,9.03786,0.567122
10.9988,17.7471,21.9622,-5.23143,-4.21078,2.5812,6.23167,0.0292796,-0.50811,52.6476,-9.2252,4.39457,17.8185,72.2059,3.25403,-19.439,-18.2203,-10.3672,-2.07458,-28.1458,30.6879,-13.0821,8.79065,0.405348
11.0032,17.7698,22.1076,-5.22153,-3.81459,2.82532,6.71931,-0.0674876,-1.04386,54.1928,-10.7912,4.32647,17.615,72.8085,1.3696,-20.2671,-13.3308,-9.5722,-2.10005,-28.5303,30.1471,-13.1305,8.67596,-0.347796
10.9977,17.7594,22.2538,-5.41272,-3.63854,3.08716,6.89474,0.0479318,-1.51713,54.1604,-12.1624,4.40269,17.5585,73.289,0.320004,-20.9337,-12.4246,-8.67229,-1.88971,-28.888,29.7822,-13.2396,8.68165,-1.8933
11.0011,17.7632,22.4228,-5.59834,-3.37741,2.92918,6.63901,0.0551369,-1.41649,52.5604,-13.1444,4.31826,17.9091,73.4029,-0.117654,-21.2111,-15.7595,-7.76479,-1.87216,-28.8302,29.7288,-13.8006,8.57651,-3.56579
11.0062,17.7853,22.5803,-5.50696,-3.04151,2.30439,6.29395,-0.0418062,-0.917456,51.655,-14.409,4.32706,18.7452,73.2736,-0.565898,-21.311,-17.9428,-7.41968,-2.06416,-28.2348,30.0709,-14.5064,8.36457,-4.3965
11.0083,17.78,22.7218,-5.38095,-2.65325,1.95705,6.2728,-0.156908,-0.833669,51.887,-15.7794,4.35622,19.2694,73.0333,-1.11044,-21.3325,-18.9282,-7.23972,-2.18773,-27.9299,30.4208,-14.9572,8.08956,-4.22633
11.0192,17.7427,22.8629,-5.1674,-2.02762,2.03239,6.35351,-0.341214,-0.981119,52.187,-17.2157,4.05137,19.164,72.716,-1.78568,-21.1288,-20.7767,-7.00665,-2.37878,-28.1594,30.5126,-15.202,7.84896,-4.74141
11.0344,17.7352,23.0193,-5.11623,-1.33108,2.32561,6.48079,-0.472321,-1.2061,51.8833,-18.3643,3.73662,18.6998,72.1184,-2.8839,-20.663,-20.8357,-6.42703,-2.66103,-28.6643,30.5042,-15.5968,7.78729,-5.71229
11.046,17.7581,23.2001,-5.36414,-0.822342,2.66305,6.5305,-0.550649,-1.63456,48.4707,-18.8684,3.72216,18.2707,71.1262,-4.18923,-19.9468,-21.3617,-5.24858,-2.79104,-29.1863,30.2421,-16.2172,7.69768,-5.86841
11.0566,17.7593,23.3603,-5.24662,-0.493655,2.2856,6.18561,-0.661902,-1.40886,50.1975,-19.7378,3.91331,18.7261,69.8772,-4.9771,-19.3691,-23.7273,-4.41459,-2.89011,-28.8358,29.5245,-16.5469,7.40313,-4.91896
11.0761,17.7547,23.5306,-5.15465,-0.0193748,2.46803,5.78131,-0.75965,-1.53421,51.5193,-20.5482,3.85781,18.3767,68.4453,-5.25483,-18.6992,-24.59,-3.46645,-3.09186,-29.1785,28.6998,-16.6749,7.14879,-4.43787
11.0957,17.757,23.736,-5.58167,0.602993,3.71002,5.69054,-0.793729,-2.67523,51.548,-20.6396,3.68711,16.698,66.9542,-6.56866,-17.5516,-22.2906,-1.85051,-3.13296,-30.78,28.178,-17.0903,7.02864,-5.21453
11.0914,17.7647,23.9127,-5.76166,0.719468,3.51803,6.15704,-0.757019,-2.7332,51.0002,-21.1123,4.43034,16.9126,65.3066,-8.45368,-16.8628,-18.4148,-0.733968,-3.00976,-30.5941,27.6753,-16.9942,6.97812,-6.74162
11.0832,17.7566,24.0663,-5.778,0.539303,2.52479,6.88702,-0.69854,-2.04846,49.8382,-21.8492,5.41504,18.1448,63.5606,-9.68171,-16.594,-16.1518,0.19758,-2.86536,-29.4481,26.7933,-16.4416,6.91201,-6.99353
11.0948,17.7357,24.216,-5.59285,1.13413,2.86305,6.81422,-0.817649,-2.45296,47.5185,-22.5699,5.16844,17.6065,61.5929,-10.2991,-15.9519,-16.1026,0.716325,-3.10964,-29.8987,26.4878,-16.8884,6.45222,-3.42154
11.1338,17.7148,24.3616,-5.33806,2.65018,5.07895,6.5708,-1.13286,-4.32349,46.8331,-23.1029,3.58099,14.6027,59.539,-10.8391,-14.7058,-17.1874,1.35925,-3.93183,-32.6424,26.2333,-17.4302,6.02387,-1.13464
11.0934,17.7272,24.5576,-5.54263,1.79947,3.93013,6.4874,-0.767054,-3.9321,48.7573,-23.253,5.52745,16.3365,56.702,-10.9684,-15.203,-18.1289,1.8935,-3.29879,-31.1279,26.5398,-18.1726,6.11158,-2.20413
11.1144,17.728,24.6889,-5.03132,2.64567,4.08921,6.67794,-0.916737,-3.98832,49.6309,-23.8267,5.02259,15.852,53.7309,-10.9107,-14.6623,-19.7334,1.83076,-3.661,-31.3873,26.7496,-18.3208,5.97282,-4.15477
11.0718,17.7426,24.8268,-4.98463,1.97163,1.36397,6.80421,-0.718258,-1.76801,48.4968,-24.1837,6.87788,19.1709,50.2962,-9.91521,-15.7108,-20.8996,1.82182,-3.49798,-28.156,27.1673,-18.6206,6.0359,-5.13222
11.0708,17.7377,24.9725,-4.82166,2.3847,0.883343,6.64703,-0.849986,-1.19522,47.2625,-24.3894,7.02308,19.5586,47.0585,-9.40944,-15.784,-20.383,2.13876,-3.67908,-27.5971,27.2588,-18.9577,5.65458,-4.79999
11.1032,17.7337,25.1261,-4.28852,3.7329,2.00567,5.53602,-1.271,-1.9862,46.3669,-24.623,5.70829,17.9031,43.8234,-9.37782,-15.1634,-19.0674,2.39968,-4.01771,-28.9018,27.1457,-19.1037,5.05843,-5.17129
11.0805,17.7388,25.3052,-4.26439,3.66506,1.21597,6.32507,-1.24744,-1.59306,45.7919,-24.5664,6.50117,18.8425,40.5981,-9.30474,-15.6047,-19.7877,3.19295,-3.68352,-27.849,26.4955,-18.9998,4.68091,-4.87458
11.0725,17.7431,25.4833,-4.22567,3.74367,0.789636,6.3606,-1.108,-1.27128,45.5872,-24.4884,6.96859,19.3078,37.4268,-9.75748,-15.8969,-21.6561,4.12237,-3.55629,-27.2716,25.632,-18.9684,4.30915,-3.81197
11.0671,17.7537,25.6628,-4.27282,3.82241,0.554414,5.61282,-1.17193,-1.34901,45.8384,-24.2638,7.48936,19.5562,34.1422,-10.0302,-16.4635,-21.8981,5.15581,-3.26445,-26.9139,24.9232,-19.1732,4.14946,-3.32813
11.0836,17.7707,25.8325,-4.2314,4.33729,0.575306,6.48529,-1.35163,-1.18765,45.825,-24.234,7.31307,19.416,31.3009,-10.4759,-16.7583,-19.9702,6.34469,-3.14379,-26.9044,23.801,-19.0599,3.95052,-3.84527
11.0986,17.7905,25.9995,-3.80073,5.30435,0.795597,6.62228,-1.54266,-1.14005,45.4784,-24.7079,6.57427,18.9516,28.845,-11.3807,-16.648,-16.0993,7.12093,-3.3256,-27.0432,22.4883,-18.553,3.46677,-5.73274
11.1042,17.7968,26.1758,-3.35443,5.49965,1.7548,6.77757,-1.48959,-2.25101,45.4564,-25.2418,6.22175,17.8954,26.7094,-11.9021,-16.3615,-19.2848,7.98352,-3.22901,-28.0694,21.1305,-17.9926,3.43771,-6.42286
11.1044,17.7973,26.3575,-3.36641,5.73307,1.77622,7.0286,-1.51063,-2.39317,45.3996,-25.236,5.70772,18.0861,24.8348,-12.316,-16.346,-21.4137,9.25314,-3.11512,-28.0279,19.9229,-17.5645,3.16197,-5.5289
11.1022,17.7934,26.5478,-3.48684,5.83992,1.16713,7.05154,-1.45737,-1.76519,45.6379,-24.9797,5.17791,19.1114,22.9535,-12.4718,-16.1564,-21.1603,10.3909,-3.06952,-27.2898,19.188,-17.4531,2.79235,-4.45336
11.0969,17.7781,26.7368,-3.58903,5.81424,1.06798,7.40737,-1.37935,-1.74562,45.0558,-24.9125,4.31718,19.7889,21.8185,-12.4101,-15.2554,-20.7984,11.6121,-3.01147,-27.1175,18.2087,-17.1403,2.52836,-3.97923
11.0783,17.755,26.9216,-4.24371,5.35907,0.0311115,9.08417,-1.21809,-0.884777,43.1926,-24.4643,4.20736,21.5539,21.1238,-12.4959,-14.1324,-20.6065,13.1811,-2.77049,-25.9178,17.4898,-16.8942,2.63177,-5.31173
11.1121,17.7359,27.0872,-3.14446,6.79857,2.3044,6.81334,-1.52696,-2.65401,42.6481,-25.5426,1.30757,19.3544,20.868,-12.6513,-11.7996,-20.4863,13.1588,-3.45787,-28.4056,16.9537,-16.2789,2.25622,-7.33177
11.1182,17.713,27.2633,-2.80226,7.47054,2.76234,5.04528,-1.7425,-3.07215,43.3731,-26.0039,0.332366,19.0597,20.8393,-12.9276,-10.934,-20.3349,13.5699,-3.79138,-28.8113,16.7617,-16.0015,1.95375,-8.58017
11.1022,17.7053,27.4502,-2.99904,7.64074,1.97641,5.32728,-1.8153,-2.44528,43.2115,-25.8672,1.1244,19.8906,20.8506,-13.5308,-10.9755,-18.7844,14.3093,-3.96672,-27.8342,16.7779,-15.8001,1.92067,-10.7385
11.0895,17.6826,27.648,-3.15069,7.38321,1.64702,5.63692,-1.72029,-2.223,42.2908,-25.3612,1.72989,20.3862,20.313,-13.3931,-10.6724,-16.3307,14.6298,-3.9612,-27.4421,17.7733,-16.0599,2.05552,-12.6188
11.0619,17.6633,27.8516,-3.63031,6.5353,0.63367,6.26359,-1.46722,-1.47918,41.9397,-24.5937,4.28382,21.4447,20.0004,-12.5191,-12.0324,-15.6414,15.2406,-3.37042,-26.1873,18.6731,-16.3524,1.98965,-13.4843
11.0553,17.6436,28.0333,-3.49253,6.83262,0.315157,6.37684,-1.57867,-1.12483,42.0286,-24.5804,4.60799,21.8171,20.3564,-11.1799,-11.7271,-11.9969,15.3403,-3.13634,-25.5373,19.4927,-16.2776,1.25896,-14.7236
11.0506,17.6159,28.2424,-3.79935,6.49636,0.999306,6.61127,-1.39872,-1.87141,41.3627,-24.1177,5.41722,21.2411,21.2402,-10.6095,-12.3587,-16.647,16.0309,-2.82208,-26.2402,20.525,-16.4645,1.08787,-14.9772
11.042,17.5824,28.4487,-3.94168,6.35918,1.49448,6.4867,-1.37453,-2.50464,45.0179,-24.0034,6.15371,20.8604,22.5903,-10.1779,-12.8345,-16.3784,16.5684,-2.81502,-26.7499,21.2571,-16.3838,1.02219,-15.06
11.0309,17.5393,28.6469,-3.86806,6.62328,1.31223,5.86029,-1.54377,-2.41192,45.1229,-24.3475,6.14578,21.2495,24.187,-9.03842,-13.4801,-12.0986,16.7955,-2.92231,-26.3711,21.9789,-15.891,0.801329,-16.7935
11.0319,17.5355,28.846,-3.82536,6.91015,0.658582,5.54231,-1.67473,-1.56211,44.0277,-24.5181,6.4393,21.9824,25.5166,-7.52209,-15.0231,-11.2914,16.8074,-2.96243,-25.4977,23.1411,-15.3543,0.732768,-20.8531
11.0359,17.5068,29.051,-4.01745,6.83579,0.112677,5.78481,-1.59455,-0.699558,43.7075,-24.3433,6.59562,22.6918,26.5286,-6.09207,-15.7664,-12.2351,16.9647,-2.79207,-24.8322,24.6066,-14.9779,0.774576,-24.8881
11.0323,17.4953,29.2606,-4.41668,7.13935,-0.642809,6.08656,-1.74843,0.1647,43.1223,-23.7441,6.44938,23.6914,27.4619,-5.11738,-15.758,-5.59183,17.3467,-3.11875,-23.8576,25.8334,-14.2605,0.0108513,-24.2027
11.0237,17.502,29.4538,-4.48244,6.81263,-1.59521,5.7506,-1.88034,0.989992,42.7075,-23.2433,6.73071,25.0009,27.7761,-4.35066,-15.1615,-10.693,16.9276,-2.85303,-22.5749,27.7778,-13.6748,-0.618019,-24.1466
